sample_code,B,Na,Mg,Al,P,K,Ca,Ti,V,Cr,Mn,Fe,Co,Ni,Cu,Zn,As,Se,Sr,Mo,Cd,Ba,Pb
we3 060818 01,3.69,383.44,209.51,44.54,0,422.91,7172.32,0,0.91,0.16,34.36,15.65,0.35,0.84,6.03,213.38,0.23,0,10.51,0.25,0.14,33.51,0.05
we3 060818 02,2.56,533.35,73.73,44.43,0,125.57,2481.84,0,0.21,0.03,3.92,2.33,0.03,0.18,0.33,55.99,0.1,0,5.82,0.11,0.04,20.29,0.03
we3 060818 03,3.05,361.1,161.23,14.06,0,370.14,4584.3,0,0.84,0.06,24.85,9.64,0.24,0.93,5.87,189.19,0.2,0,15.39,0.23,0.09,28.2,0.02
we3 081118 01,43.77,2328.64,2049.94,119.33,480.49,1943.43,33492.56,4.49,2.44,1.8,349.93,2101.11,2.84,7.78,16.48,274.35,1.21,1,108.03,2.63,0.05,158.06,1.62
we3 081118 02,31.05,3516.22,3121.8,237.04,625.42,3162.23,60259.8,9.21,4.94,3.17,395.57,1103.19,4.64,14.43,25.43,1181.37,1.12,0.89,186.6,2.39,0.42,228.27,1.28
we3 082718 01,53.17,3364.81,1684.03,71.02,173.9,2394.76,26827.6,3.75,2.45,1.25,266.2,615.4,2.98,8.9,39.29,917.72,0.61,0,110.42,2.13,0.11,95.6,0.84
we3 082719 02,8.44,1152.77,703.61,52.93,111.06,540.02,18234.85,4.3,2.06,0.67,90.17,100.82,1.16,3.34,28.34,484.37,0.51,1.68,45.23,0.8,0.16,59.89,0.13
we2 091218 01,15.45,9947.24,960.93,31.09,294.51,7426.37,12898.02,3.31,3.95,0.94,2.67,48.88,0.33,2.96,27.44,384.52,1.95,0,71.19,1.46,0.1,25.15,0.29
we2 091218 02,12.93,3429.32,679.89,63.18,784.52,5861.01,7684.94,3.36,3.99,1.37,4.03,87.28,1.11,2.45,17.36,176.86,1.63,2.75,34.02,0.76,1.03,16.21,1.23
we2 091318 03,14.39,3457.7,828.82,27.21,869.94,6687.8,10726.64,4.89,3.98,0.65,1.04,79.51,0.32,1.42,17.98,162.87,1.29,0.94,41.92,0.58,0.01,17.13,0.09
we3 091018 01,12.68,1704.29,891.5,53.27,349.96,1395.91,19374.12,5.45,2.36,0.79,159.68,278.47,2.12,5.43,35.55,807.83,0.84,0.36,54.56,1.33,0.25,75.37,0.15
we3 091118 03,22.16,3609.84,900.83,30,287.14,1557.82,17069.61,6.06,2.33,0.94,123.4,670.34,1.33,4.62,24.87,469.22,1.39,2.39,55.5,2.83,0.09,69.81,0.3
we3 091218 04,3.86,796.15,208.8,16.64,92.66,271.15,5074.19,3.93,1.04,0.24,22.8,19.27,0.31,1.45,8.35,233.95,0.25,0.36,17.04,0.41,0.09,34.01,0.04
we3 091218 06,2.77,596.46,107.38,5.19,36.19,182.49,2616.18,3.93,0.64,0.13,4.39,5.92,0.02,0.48,3.95,95.02,0.2,1.35,6.79,0.23,0.05,17.29,0.03
we3 091218 07,4.22,728.35,287.39,15.67,77.05,189.9,7005.28,3.93,1.01,0.24,12.86,25.94,0.15,1.12,10.22,203.62,0.37,2.39,19.76,0.67,0.05,30.61,0.03
we3 091218 08,3.49,748.37,125.36,5.59,62.45,137.71,2714.82,5.42,0.52,0.19,0.09,4.55,0.01,0.41,4.11,107.67,0.1,0.36,8.6,0.19,0.06,17.77,0.01
we3 091218 09,4.97,805.8,234.94,21.01,107.09,190.75,5295.76,3.93,0.88,0.22,0.63,7.92,0.03,0.84,8.1,172.64,0.23,0.36,18.2,0.39,0.03,29.46,0
we3 091218 10,1.8,240.36,92.83,10.31,34,21.05,2817.75,4.67,0.49,0.19,0.71,5.74,0.02,0.6,4.24,119.13,0.18,1.3,6.92,0.3,0.05,34.87,0.01
we3 091218 12,0.51,148.88,33.7,6.25,24.4,43.71,993.09,3.93,0.11,0.07,1.38,2.71,0.02,0.08,1.53,46.97,0.13,0.36,1.3,0.05,0.02,6.45,0
we3 091218 14,1.06,215.69,46.97,11.52,37.97,83.03,1199.59,3.93,0.18,0.12,1.53,1.52,0.01,0.24,2.18,83.61,0.13,0.36,4.97,0.04,0.03,8.38,0.04
we3 091218 15,1.38,313.74,58.8,5.33,25.42,0,888.78,3.93,0.19,0.1,0.34,2.66,0.01,0.19,1.67,60.3,0.18,1.42,3.17,0.05,0.04,10.39,0.03
we3 091218 16,1.16,266.88,69.65,0,31.6,79.48,1871.91,3.93,0.3,0.09,0.41,1.28,0.01,0.26,1.97,97.98,0.23,0.36,6.41,0.07,0.02,15.88,0.01
we3 091318 17,0.63,181.7,36.37,0.33,58.64,42.92,951.97,4.71,0.13,0.04,2.61,4.68,0.04,0.06,2.2,52.3,0,0.36,2.42,0.04,0.01,7.72,0.02
we3 091318 18,0.61,207.83,48.04,11.27,31.17,0.76,636.1,3.93,0.18,0.11,2.99,6.62,0.05,0.17,3.19,63.81,0.08,0.36,1.23,0.08,0.05,9.24,0.03
we3 091518 01,3.94,440.22,130.42,10.95,53.4,207.59,3575.8,3.93,0.64,0.17,9.7,6.5,0.13,0.45,5.09,114.95,0.25,0.36,10.31,0.48,0.05,30.44,0.03
we3 091618 02,0.24,97.38,23.55,0,38.27,11.99,992.97,4.73,0.03,0.12,1.77,1.59,0.01,0.17,1.1,35.01,0.08,1.4,2.1,0.03,0.03,7.68,0
we3 091618 03,0,46.29,18.22,0.6,27.76,0,766.99,3.93,0.06,0.05,0.55,0.25,0.02,0,0.98,36.33,0.13,0.36,1.6,0.01,0.05,7.01,0
we3 091618 04,0,114.94,22.84,10.87,41.64,19.7,499.86,3.93,0.05,0.12,0.8,0.57,0,0.14,0.57,36.74,0.07,0.36,1.29,0.01,0.01,7.2,0.01
we3 091618 05,1.54,375.98,54.11,5.52,34.07,0,1669.83,3.93,0.17,0.11,2.13,2.16,0.03,0.11,0.85,49.85,0.14,0.36,3.48,0.06,0.02,15.36,0
we3 091618 06,0.99,265.21,45.99,10.89,0,0,1050.47,3.93,0.11,0.06,1.32,0.86,0.02,0.04,0.95,35.44,0.09,2.43,2,0.02,0,12.44,0.03
we3 091618 07,1.18,306.94,48.59,25.56,0.56,58.9,1513.32,3.93,0.28,0.05,1.59,0.74,0.02,0.31,1.06,48.79,0.02,1.37,3.74,0.04,0.01,15.38,0.01
we2 091318 04,18.71,7345.7,1031.82,84.77,621.97,10613.96,13845.74,15.12,4.35,0.66,3.86,121.98,0.56,1.69,26.2,104.39,1.91,0.36,53.04,0.84,0.04,27.08,0.09
we2 091618 01,18.96,6584.78,788.36,47.09,546.16,6641.43,14358.71,9.1,4.66,0.67,0.79,73.05,0.27,1.84,27.07,89.97,1.94,1.41,61.53,0.95,0.05,23.48,0.12
we2 091618 02,14.79,5284.22,809.58,78.3,566.8,7066.56,10606.78,8.43,3.93,0.58,0.68,67.61,0.31,1.8,22.44,118.98,1.38,0.36,45.68,0.59,0.04,21.48,0.05
we2 091618 03,16.12,6927.44,683.86,41.63,310.45,6234.79,10487.51,8.08,4.24,0.61,0.52,69.91,0.27,1.54,24.2,93.16,1.57,0.36,44.17,0.68,0.02,16.13,0.09
we3 092218 01,21.25,3240.47,918.09,15.06,45.82,1369.37,25393.67,3.93,0.51,0.58,36.13,53.2,0.45,3.77,31.46,588.48,0.4,0.36,55.47,2.23,0.23,168.86,0.13
we3 092218 02,8.2,1267.52,292.44,6.17,23.49,596.62,7005.25,7.2,0.31,0.23,27.7,15.17,0.3,1.01,5.82,182.78,0.22,2.22,14.35,0.44,0.07,49.57,0.13
we3 100518 01,2.65,86.92,35.09,10.03,0,0,1663.57,3.93,0.12,0.09,1.71,0.77,0.02,0.19,1.26,64.2,0.05,0.36,3.75,0.05,0.02,16.78,0.02
we3 100518 02,0.18,99.89,31.92,0,12.35,33.35,1322.06,3.93,0.09,0.12,1.81,0.37,0.03,0.45,0.99,52.53,0.25,2.47,2.48,0.02,0.03,9.09,0.01
we3 100518 03,1.03,259.07,39.21,0.37,31.22,37.41,849.28,3.93,0.14,0.12,2.81,6.38,0.02,0.15,0.62,54.85,0.2,1.38,2.36,0.04,0.03,11,0.05
we3 100518 05,1.32,208.9,49.9,6.4,13.49,150.88,1662.72,3.93,0.17,0.12,1.01,2.05,0.03,0.04,0.64,73.88,0.23,0.36,3.2,0.08,0.05,14.37,0.02
we3 100518 06,1.2,206.84,51.98,0.59,68.9,145.11,1996.9,3.93,0.13,0.13,2.03,0.98,0.04,0.15,0.89,78.53,0.29,0.36,5.64,0.12,0.03,14.19,0.01
we3 100518 07,0.46,192.58,36.11,21.84,80.75,68.17,959.99,3.93,0.13,0.12,0.31,0.93,0.02,0.16,0.66,49.14,0.3,0.36,1.84,0.09,0.05,10.13,0.03
we3 100518 08,0.38,250.25,57.06,11.74,46.71,1396.39,1401.95,3.93,0.45,0.36,1.73,2.84,0.23,0.47,1.37,63.46,0.32,1.45,5.34,0.07,0.27,12.36,0.23
we3 100518 09,1.24,326.91,67.76,0,2.74,120.3,1891.89,4.73,0.34,0.07,2.42,1.87,0.04,0.11,1.64,69.86,0.07,0.36,3.66,0.12,0.04,13.57,0.02
we3 100518 10,1.06,439.49,107.24,0.7,13.72,205.06,2695.36,4.71,0.26,0.12,0.51,3.98,0.02,0.43,2.19,100.85,0.09,0.36,6.42,0.15,0.06,17.27,0.03
we3 100518 11,4.96,1529.86,304.28,5.68,1.93,421.36,5192.97,3.93,0.38,0.26,11.92,6.12,0.13,0.65,6.15,142.67,0.19,0.36,15.37,0.38,0.11,31.6,0.06
we3 100518 12,22.54,6440.25,1157.3,11.53,108.15,1426.78,15270.72,4.75,0.51,0.4,59.23,43.95,0.59,3.5,24.93,435.92,0.45,1.4,53.47,1.6,0.17,108.53,0.13
we2 100518 01,22.25,5363.42,838.03,31.52,190.17,7715.11,12323.22,5.49,1.82,0.99,163.04,25.94,1,1.47,10.52,504.8,1.51,0.36,61.78,0.48,0.05,30.06,0.45
we2 100518 02,13.55,6351.89,742.07,34.77,253.32,5422.32,10220.63,5.58,3.13,0.51,15.04,30.29,0.24,1.35,15.91,186.2,1.01,1.43,42.49,0.57,0.02,17.58,0.09
we2 100518 03,15.91,4869.05,711.08,25.66,339.54,5134.2,8596.74,7.5,2.83,0.46,1.02,35.38,0.2,0.94,13.27,105.21,1.22,0.36,33.64,0.53,0.02,13.91,0.05
we2 100518 04,8.62,4789.06,632.43,56.48,367.5,3992.56,7213.84,6.48,2.62,0.38,0.9,36.33,0.2,0.9,14.04,86.28,1.26,3.43,33.24,0.74,0.02,13.32,0.03
we2 100518 05,7.52,5445.62,588.85,82.52,278.54,4456.16,8522.4,6.99,3.04,0.47,2.15,48.53,0.18,1.08,16.82,66.58,1.12,2.51,37.75,0.53,0.05,13.95,0.04
we2 100518 06,6.78,6042.76,560.84,25.18,191.25,5043.9,7988.96,10.89,3.14,0.36,0.75,52.23,0.2,0.93,16.08,57.65,1,1.41,31.41,0.53,0.03,14.21,0.02
we2 100518 07,6.84,5961.5,514.76,61.93,211.39,5268.56,7405.16,8.78,3.07,0.5,1.17,52.39,0.27,0.95,16.66,77.44,0.97,0.36,29.78,0.38,0.11,12.74,0.17
we2 100518 08,9.57,5690.69,500.8,49.32,271.93,5057.12,6973.43,7.11,3.66,0.42,0.57,45.8,0.22,1.1,16.18,73.96,1.31,1.43,29.6,0.45,0.1,14.21,0.09
we3 100718 01,3.620744432,523.2503154,108.8442127,0,32.95717804,0,3586.301512,0,0.321407786,0.06884913,3.824995965,2.142295746,0.028141558,0.380869422,3.592571171,132.247516,0.094900486,0,5.820049105,0.177881498,0.02958774,33.66380273,0.03039565
we3 100718 03,5.370665938,158.8127316,49.24197801,13.04064704,35.33857703,0,2764.280152,0,0.194995262,0,2.241628011,2.016891654,0.053336926,0.011733582,3.330312922,89.13068401,0.589201771,0.868354471,4.014200406,0.108224225,0.018705252,30.53407789,0.035942711
we3 100818 03,5.27359907,169.0455025,53.80669018,1.435795542,26.77659283,0,3239.352099,0,0.213966657,0.071927934,3.715731315,1.894645504,0.040539723,0.023716989,3.766022051,96.3657088,0.558854186,0,3.5525961,0.091027404,0.041105192,30.00841555,0.038731395
we3 100818 04,2.281194877,90.51463788,31.79137662,5.190361832,21.26092679,5.736961382,1858.078958,0,0.04764,0.132242379,1.638747982,2.272900614,0.019587785,0.240905243,1.312185297,63.35436935,0.3392844,0,3.035153772,0.044986762,0.011026272,19.73185497,0.018149262
we3 100818 05,1.597201959,93.13921979,33.38448798,2.430626139,6.427783681,8.642140456,2454.860336,0,0.036039371,0.09065829,0.967122649,0.591111356,0.046668288,0.104468031,1.297180133,74.07475923,0.185115241,0.988480974,4.51531878,0.03361125,0.029166202,26.74967139,0.007752166
we3 100818 06,7.553138428,179.1471921,66.52461784,5.050698602,34.78720837,0,3826.565111,0,0.135102168,0.156108377,1.52566781,2.937357154,0.037209362,1.055029987,1.489572032,99.11875516,0.484943827,0,5.368086171,0.376734267,0.0366873,43.05091475,0.036113639
we2 100718 01 to 02,10.49811644,5652.182638,618.1534648,81.11158475,198.6775636,4064.980591,8799.057137,1.717977234,3.090673657,0.278176081,0.446612954,42.42953299,0.189623581,0.936075688,17.26642652,89.00727587,0.95773709,0,34.25482141,0.314524577,0.025564081,11.63488506,0.066953348
we2 100718 03 to 04,9.356134599,5805.017877,693.0835094,56.34104748,140.701684,3686.499131,9412.326248,2.130280654,2.933935907,0.423473038,0.94554539,47.92150527,0.247802144,1.186695302,16.43132631,98.4544898,0.752632142,0,35.43541238,0.44732359,0.017114294,15.25588649,0.175279229
we2 100818 05,8.378714946,6037.890919,752.2630968,115.1084017,136.2628265,3306.161612,10017.06239,3.660010043,2.659798092,0.445428027,1.109759472,51.67969468,0.249248866,1.254088786,16.92974936,71.67250856,0.810498846,0,43.24350046,0.520550527,0.009630823,12.90685932,0.169567158
we2 100818 06,8.499312127,6510.341574,773.5571193,55.1011543,121.5975569,3656.927016,10873.58757,3.370360227,3.142450621,0.440089396,0.685900088,52.63009866,0.245530019,1.073868371,17.06048109,51.58347095,1.068893696,0,38.86856235,0.472445188,0.02328665,14.70717281,0.044458795
we2 100818 07,8.2893598,6452.851711,712.5880309,54.91273742,120.3044572,3539.505506,10135.37197,1.721288104,3.796609487,0.417280505,0.294747022,50.73414839,0.243822115,0.838146301,17.40146733,43.55484247,1.00357598,0.20097171,41.87821385,0.384413464,0.002262168,17.39577353,0.034213582
we2 100818 08,8.352879079,6289.542546,727.0630587,78.41771935,126.8792029,3265.079229,9986.334916,1.192738518,3.339972575,0.415105528,0.619817654,47.33311464,0.256321666,0.988428291,16.86522808,50.67965431,0.760604996,0,45.96066314,0.416415927,0.002171885,17.16884128,0.035168573
we2 100918 09,8.374157942,6512.001197,750.0904575,87.72114838,123.3712744,3577.113368,10672.40459,3.129298573,3.179972462,0.400230685,0.008615873,50.15078289,0.254411464,0.950065656,16.99853253,63.20948016,1.188184656,0,40.82708239,0.409810697,0.020775404,17.61446741,0.034270702
we2 100718 09,9.547528299,5932.813432,531.2159383,46.63364248,384.5132842,4349.157061,8431.534738,2.638033115,3.493335979,0.383023808,0.345219644,44.8461991,0.203625803,0.554314009,16.45013323,66.43222137,0.945165835,0,28.36380743,0.411150666,0.007019762,12.91221091,0.036460168
we3 112218 01,2.687069298,131.2386878,55.90345495,5.536975876,18.55969807,332.3652092,1496.785545,0,0.33814024,0.088715335,1.883946019,4.465212738,0.032792095,0.248292153,3.431781581,76.86786716,0.026730616,0,3.222026762,0.061693944,0.015829919,13.27598631,0.09787316
we3 112218 02,1.354367579,75.99910913,20.97733246,1.898966276,1.460478106,229.1517732,888.1081273,0,0.090289228,0.141026484,0.941527955,2.977396679,0.036794687,1.505234775,0.657737419,40.72254914,0,0,1.341136993,0.040763701,0.155107682,6.23557084,0.075863087
we3 112318 03,1.338832493,112.5954281,54.12351106,0,1.275163637,217.9683164,888.4474926,0,0.130061652,0.205511579,0.428565915,1.99194514,0.020935506,0,0.287983186,31.66818457,0,1.092175027,1.5565465,0.02447267,0.034728308,8.086225228,0.038959445
we2 112218 01,5.333745816,3073.542997,675.8692601,65.50113445,123.167853,1352.321864,10925.15193,1.356060669,2.555003288,0.406588126,0.30420359,46.8929852,0.268034045,1.4311859,14.68835115,79.49134666,0.834868916,0,42.4256033,0.169843086,0.01250304,13.8414063,0.398136525
we2 112318 02 to 03,5.616945446,2985.582254,637.1840001,77.17892925,115.3465087,1323.927797,9700.795415,2.804387337,2.663914507,0.422600586,0.419551588,47.99431168,0.160256218,0.936453429,13.1821877,47.47634546,0.979484836,0.125817133,33.54299557,0.147901676,0.020805101,12.30985827,0.200584655
we3 121818 03,0.390517039,48.27884376,22.01026708,0,10.52269336,246.7044014,1027.101513,0,0,0.206666043,0.653849148,0.634135253,0.010022485,0,0.311196951,36.21229852,0.010221257,0,0.649155767,0.013722908,0.010108319,5.647805406,0.05497302
we3 122218 02,1.0866814,173.2616536,35.14254406,10.19643761,7.258129426,157.4153909,622.2877478,0,0,0.155888233,0.300583138,1.916931512,0.034954583,0.047912892,0.382184345,39.88977565,0.02678267,0,1.166532246,0.014484494,0.001954106,5.314015169,0.044340051
we3 121718 02,1.101709439,143.6624839,36.37698491,0,45.18416142,357.6473952,1083.07603,0,0.030841764,0.197890444,0.441335279,0.702641046,0.015361983,4.761328762,0.554875244,41.88695011,0,0,1.775262419,0.005141482,0.013307619,7.200190337,0.132503233
we3 122218 01,1.540024579,1303.350239,170.9535231,0,33.68843977,332.4994428,1188.110335,0,0.041613251,0.042690372,0.823130264,1.836472716,0.045903884,0.308135117,1.219559226,37.34418328,0.039028958,0,2.204657786,0.068601026,0.022883543,9.386074109,0.032141284
we2 112718 01 to 02,6.603189437,2581.046365,558.7372696,38.98301791,117.1377093,1562.080617,9723.403211,1.981497563,2.597995309,0.460049587,1.682754992,43.94429345,0.210215131,0.620395496,8.784389271,22.59362501,0.540434611,0,35.49423737,0.181938932,0.03232812,9.682547615,0.268393872
we2 121118 01 to 02,5.694947562,2065.989338,582.3929907,67.84968366,95.40980223,1382.141599,11084.4233,1.779882383,2.062540453,0.286522954,1.125313917,30.18500264,0.095399585,4.550733263,6.799820445,17.94670382,0.794541931,0,33.07923474,0.243585137,0.00566593,10.98551695,0.326203006
we3 121718 01,3.930467893,1916.870475,125.1016133,14.05275603,9.684414416,360.4295564,1448.625309,0,0,0.203173722,0.087283224,1.544852752,0.01860587,0,0.517155225,48.28827072,0,0.044906672,3.03924463,0.038913203,0.023707281,9.056234465,0.07708417
we3 112718 01,1.301009182,76.06866843,23.75869487,0,2.060318842,232.0428397,661.8824571,0,0.032536087,0.400606739,0.376796379,1.139567395,0.024745807,0,0.515109399,31.11423296,0,0,2.368772217,0.004346134,0.013674787,6.423585933,0.103362961
we2 120218 02,6.562256483,2482.663284,713.1082586,36.31444673,63.73600364,1408.758583,12236.97512,1.791177733,2.051333924,0.335792484,0,30.95665758,0.101781843,1.416358677,7.117631322,14.59317566,0.429100491,0.964180712,40.30236504,0.145951756,0.00156833,12.08920388,0.153589135
we3 121118 01,0.555729367,32.10665686,20.26087136,7.714695252,17.72872546,227.8746757,743.3982717,0.319820809,0,0.164561749,0,1.305294581,0.010876072,0.368125818,0.209142881,31.62400474,0,0,1.083523786,0.008960671,0.009236525,6.466048134,0.209789457
we2 121818 01 to 02,5.990758098,1925.018913,595.4119247,33.65790988,142.1341964,1209.478201,10781.52674,1.670311674,2.140067489,0.316495507,0.116498308,26.4251996,0.103781149,0.312107868,6.521980169,24.48450512,0.554579224,0,35.89855978,0.151902273,0,10.83629385,0.220910141
we3 121818 04,0.702945397,21.28436693,10.90374101,0,0,131.6369047,793.9619347,0,0.026222605,0.15725081,0,0.591411503,0.005645529,0,0.278652651,24.1862236,0,0,0.170966529,0.012913853,0.009285,3.570586213,0.100209797
we2 010619 01,5.104421994,1351.519352,578.6550681,14.13861995,168.0596417,1002.013742,10054.79101,0,2.071898586,0.241830265,0,18.0903103,0.067628391,0,4.299540975,30.23727989,0.682793075,1.068571968,33.38010716,0.117608852,0.001050404,8.091710262,0.084731622
we3 010619 01,2.912375775,980.3716035,152.8148569,0.856777905,105.5148098,121.4830764,2138.306903,0,0.065067636,0.206360368,3.871800093,9.756041868,0.034885953,0,5.881326682,86.31486662,0,0.962817867,4.669606588,0.92266301,0.009032357,27.6227891,0.272166056
we2 011319 06,4.109413337,1367.318769,707.0414098,21.55976529,63.32367744,1120.049862,11288.6864,1.196045319,1.856180583,0.198618496,0.00824745,18.0977399,0.076940941,0,4.777335654,22.06563423,0.437560945,0,38.02422856,0.124073548,0.004621579,9.884327623,0.081649746
we2 022319 01,2.92218062,1397.825385,555.8074907,13.40240786,347.4759045,1139.32543,11114.05908,0.057350205,1.78183741,0.021065519,0.451343218,16.84771433,0.090126903,0.546639009,3.540139123,26.41722558,0.408778189,0,36.57567032,0.175960024,0,10.05933593,0.176553877
we2 021419 01,3.80569038,859.8172765,614.8595132,28.70012635,87.92033475,786.3253444,12029.09717,0.952553996,1.697831024,0,0.306577638,11.70422096,1.109412767,0.509451776,2.766097417,12.81445356,0.322638523,0,43.08860783,0.102262626,8.13E-05,9.527583931,0.050702738
we2 021319 10,8.385856483,985.2139449,602.5556641,10.80988183,80.97809862,775.4565086,11436.83169,1.197205024,1.756271849,0.165557695,0.282534746,14.57864759,0.031473458,0.769601185,2.876092294,10.96731874,0.240964459,0,40.18231175,0.154021453,0.002248881,9.828268098,0.066081436
we2 021219 05,1.061841793,952.4843541,431.0423394,10.17519532,111.2993877,635.6730298,8029.210391,0.162363231,1.63093595,0.868290078,0.043830023,17.74141511,0.079216657,1.423892853,8.840991368,13.55013871,0.389931482,0,31.22456365,0.153340573,0,7.486039209,0.040287038
we2 022419 02,0.870228328,991.494645,527.8088096,26.64683498,60.41320519,717.3036306,10961.00278,0.19097868,1.997790577,0.076356874,0,15.24012095,0.26537345,0.332166015,2.707098456,11.20136366,0.376165376,0,37.66195163,0.105364167,0,9.341077872,0.049665933
we2 021519 02,2.245812815,912.9133675,645.5209301,8.36326342,68.00328978,887.9007548,12302.94805,0,1.876097272,0.041907227,0.186938198,12.5053471,2.437730159,0.330848428,2.622890798,13.46779201,0.458111604,0,39.41731043,0.076581809,0.002468925,9.43020901,0.027044705
we2 021219 06,1.50215098,1047.038725,561.2754714,19.42657612,90.81835114,778.8783746,10822.96633,0.195973774,1.669347392,0.133137792,0,15.47279755,0.036335792,0.467129298,3.812252381,17.17134924,0.493246199,0.699949487,38.64946069,0.124308414,0.018312739,9.726728436,0.041011219
we3 022219 01,3.059924637,758.8749129,99.48771118,0,23.42033501,46.0265815,1306.249797,0,0.056213286,0.008641344,0.618889902,1.582043318,0.154353415,0.564694377,1.232978156,69.47088274,0.057562377,0,3.032823921,0.112839826,0.012820261,12.77509204,0.053356342
we2 021219 07,4.667490754,838.6532451,401.4731489,8.691095105,241.4042056,559.0496537,8134.529678,0.326847737,1.545985275,0.126920174,0.212914883,13.16536504,0.026308904,0.358039859,2.525491516,17.03170349,0.347877059,0,30.12887838,0.145848512,0,6.564489704,0.081683931
we3 030819 01,1.159163934,210.10583,41.95309256,0,18.14365843,79.38568802,816.8005446,0.006621363,0.058924897,0,0.177172825,2.36494555,0.064350848,0.779518362,0.639721388,38.05286796,0.033962875,0.703846558,0.204585256,0.077485291,0,7.840696935,0.065296231
we3 022419 02,0,246.8356084,32.35719466,0,0,59.53547893,1120.64293,0,0.049345255,0.211328976,0.095131362,3.429884139,0.008344525,0.227986002,0.405652029,43.17319635,0.296217825,0,1.411104696,0.051331552,0.010671464,6.287927535,0.023204914
we2 022019 01,1.326633338,992.3250521,649.2884,8.632244779,86.88985661,913.9615562,12358.83274,0.3950015,1.851997563,0.414142446,0.364477573,14.2478512,0.268647594,0.459946472,3.16805153,12.3974857,0.481838567,0,41.04816936,0.095038424,0.015424927,11.07787529,0.060363411
we2 021219 08,0,919.5458291,432.8134473,18.13519433,100.2498751,696.7914494,9053.616285,0.974844897,1.749337345,0.175498937,0.479672276,13.70566799,0.093215907,0.233637248,2.801516303,20.50572172,0.415874732,0.720724029,31.79819131,0.109575822,0.005190821,7.619769267,0.094264825
we2 031219 01,3.857754709,1069.233953,440.8444496,31.03310028,74.33801754,671.1193108,9248.312147,0.752138165,2.609213207,0.198391605,0.401179507,17.03268677,0.088621177,0.989643393,4.246927779,12.51795657,0.45006129,0,29.61263022,0.152765838,0.008255863,7.810470844,0.028493394
we3 021919 01,0,376.9007353,56.38770189,0,26.20974352,104.1477529,1589.291296,0,0.101838265,0.045487538,0.191588217,2.136877877,0.180967178,0.459706891,1.483766088,53.90238259,0.020531742,0,2.434556078,0.106197056,0.007873048,9.683910002,0.132838831
we3 021419 01,0,145.6219691,21.59698958,0,29.65443129,40.93195797,877.5125789,0,0.05430642,0.192175832,0.445756804,2.263588766,3.568834991,0.079324094,0.629734581,31.9855766,0.023582469,2.297976864,1.140089387,0.062166353,0,7.512619329,0.094828763
we3 021119 03,0,393.264845,63.54334785,2.159058855,30.94399361,116.1993649,1540.50243,0,0.033333469,0.042552852,0.284828052,2.512003694,0.025785612,0.081973764,0.242415781,47.36181291,0.060688718,0,2.173832866,0.0823522,0.018203286,10.48309173,0.021330241
we2 012319 02,5.152159144,1188.399022,691.876231,14.43672309,82.06646621,1047.462739,12199.31796,0.208413376,2.197828935,0.086244817,0.136761149,14.76700936,0.03769454,0.340671736,3.322542248,8.227411129,0.411850279,0,52.00188565,0.147976187,0.013864145,10.20881044,0.057430299
we2 020919 01,1.023511036,989.3054053,463.1929529,3.988818914,97.17991062,656.067116,8544.559961,0.543554839,1.761032147,0.149127581,0,16.62138983,0.072865979,0.599093507,3.125230636,8.321868574,0.2889351,0,33.87652876,0.307755078,0,7.874704339,0.03712662
we3 021119 04,0,242.5526422,38.0144106,0,17.98478645,27.82657524,796.6249173,0,0.01960754,0,0.002837091,1.531241626,0.001559308,0.032275371,0.153060096,34.22249799,0.008378668,0,2.471162205,0.081171613,0,5.413561133,0.01536842
we2 012019 01,7.830133163,1260.920576,625.8660495,19.18072084,157.4951183,960.1829362,12350.01401,0.390237323,2.102490091,0.087004652,0.143972156,16.0638132,0.045424736,0.26912389,3.601234899,8.925765798,0.420200608,0.694554711,44.45307941,0.156244182,0.010346165,10.29438964,0.170263044
we3 012019 01,0,172.7068902,26.80448224,0,12.43875194,14.64344823,879.6553101,0,0.02799942,0.141533215,0,1.483387987,0.006403944,0.060391849,0.128348918,30.50999774,0.035250632,0,1.408428642,0.034688027,0,5.57698877,0.004942753
we2 011819 01,0.590503112,1248.10799,456.0584853,8.197901717,48.4401056,890.043525,8205.323754,0.006159652,2.153053502,0.137901509,0.459672496,20.81597339,0.059511515,0.253927231,4.18074593,19.46586467,0.478951807,0,31.91394642,0.158663234,0.005420342,8.092181744,0.06683065
we2 021119 02,6.696972761,1078.600525,483.6660818,11.05354044,96.8578808,614.3412014,9493.492581,0.336773651,1.598903315,0.1650333,0.13513044,16.90726433,0.050174165,0.20973119,4.138003176,17.36422559,0.528163306,0,28.00848906,0.121263395,0.000199562,6.572670132,0.026772495
we3 021219 05,0,200.539443,20.1355725,0,31.73517497,81.94786821,620.4320686,0,0.0092353,0.093096874,0,1.146613825,0.014211313,0,0.072930613,22.63920868,0.037098694,0,0.299153811,0.009453524,0,3.118318996,0.000736313
we3 020519 01,0,680.837982,221.0950577,0,24.34020587,159.2179351,1408.087515,0.01512332,0.076848055,0.05217864,1.446490585,5.186072065,0.058062156,0.207722737,1.099820838,76.09165232,0.083736618,0,3.085390507,0.09163315,0.023875146,14.25602183,0.015347652
we2 011819 02,5.399521061,1168.41773,440.9703798,15.05659091,112.4291221,895.7036639,8670.805999,0.341588231,1.996518107,0.196066875,0.479994943,18.88576405,0.048651549,0.423171414,3.93898283,13.90120175,0.317816754,0,31.46163586,0.139440166,0.000286579,8.991253319,0.059066662
we2 021119 03,4.343193544,1149.634211,471.2295943,26.8592432,93.45762993,707.3319495,9606.14708,0.414020837,1.943550563,0.114117222,0.339196035,18.39963517,0.057921088,0.219034619,3.595499022,20.60194749,0.484865938,0,28.0540243,0.107198194,0.003034583,7.011390427,0.036162491
we3 021219 06,0,69.40066921,16.89474607,0,12.33888625,82.9813705,765.5996834,0,0,0.068332463,0,0.657958341,0.06171772,0,0.065147336,21.08165906,0,0,0.727025113,0.022606363,0.002480854,3.980778919,0.004177754
we3 020919 01,0,509.6173272,129.476332,0,180.5631978,142.4158585,2605.773912,0,0.126470577,0.038241203,1.113730714,3.839866535,0.204304453,0.318305099,1.310543292,78.23876664,0.059636614,0.727366835,3.956127302,0.195499666,0.010945822,17.63171893,0.063505999
we2 011819 03,5.336389894,1082.631764,486.4889309,5.98966496,153.3113138,890.3947339,8577.795053,0.588967722,1.887116947,0.200813229,0.381154148,19.0534215,0.114229976,0.344411095,3.680281994,12.09650562,0.440276472,0,29.74108263,0.156731722,0.008341394,7.772174215,0.060280577
we2 021119 04,3.200731175,852.6670297,366.7329395,9.555033206,71.15473003,756.6667398,6575.424317,0.162063628,1.557478158,0.194596701,0.022994398,15.07027388,0.066492059,0.12691242,2.662584698,8.686596835,0.367760957,0,23.00447459,0.127918091,0.007696043,6.285460715,0.047870857
we3 021219 07,0,171.5004181,17.87517707,0,18.74041343,24.70401725,813.1218278,0,0.000341644,0,0.153060288,1.098785282,0.018179967,0.073029604,0.063940194,25.18113799,0.0114502,0.740156302,0.205933825,0.035331203,2.01E-05,4.351146059,0.005586032
we3 021119 02,0,547.4009569,97.71409581,0,18.31740784,108.4114828,1131.473161,0,0.013936481,0.085152743,0,1.44831335,0.034760138,0.05696575,0.206028884,51.75660365,0.008692613,0,2.082268876,0.093662845,0.00246546,8.991790345,0.007998719
we2 012019 05,2.90372371,1213.931519,612.5643575,10.88603804,124.0018058,943.9629525,11005.40243,1.250944305,2.173808473,0.301364891,0.203658558,16.29390539,0.116749369,0.474220356,3.819244844,13.05366062,0.429073453,0,39.90565142,0.148420097,0.002797515,10.18054587,0.050971454
we2 011919 04,5.291231416,1214.100819,533.5280467,21.12164916,83.9844522,936.4295897,9835.150728,0.008798568,2.034536984,0.259379607,0.448211729,18.94756561,0.052465547,0.325188,3.707514484,11.51547674,0.399078463,0,35.859263,0.12121941,0.005934845,9.63555351,0.024481065
we2 123118 03,0.546681566,1391.268739,704.7355649,5.815017929,121.0898594,1118.045016,12913.02539,0.552151087,1.819425513,0.321044579,0,17.60813465,0.045150477,2.674424821,4.250858609,12.28515344,0.492754998,0,44.34456062,0.175575206,0.013810285,12.01504519,0.060548095
we3 010819 02,0,185.166241,35.35483693,0,12.00467117,83.25369238,1323.172954,0,0.04630451,0,0,1.57333401,0.018196298,0,0.468976221,42.05421049,0.008948654,1.371010819,2.327954683,0.032277069,0,9.665554604,0.01133856
we2 011619 03,0.429863461,1567.672869,647.6564028,2.982434406,144.1298425,954.7749891,10760.69896,1.565006555,2.046134445,0.32443249,0.022528564,17.7322604,0.062182346,0.340472067,4.407672046,29.03432888,0.569206734,0.723201203,37.06304989,0.200832452,0.005976359,11.0301964,0.043075473
we3 011819 01,1.503080585,233.4185937,37.71954587,27.77462716,31.82261376,553.1623322,688.4182428,0.640932211,0.056866552,0.635358445,1.143310212,4.863841292,0.017399645,0.657716793,0.367689795,41.66299816,0.039456728,0,0.754679367,0.060439155,0.021232624,4.680786219,0.026289428
we2 122918 01,7.527121184,1157.486286,527.2968541,39.73051076,173.924585,1359.433018,11929.96937,0.607824114,1.976635663,0.574498792,0.843030245,21.63066935,0.05093128,0.995232806,4.686285786,26.647741,0.436830335,6.60603162,47.1269269,0.192851981,0.022136023,9.665140719,0.087969904
we2 011119 05,6.325372207,1326.214445,661.1187009,61.02729543,136.3895571,1323.066038,14605.13637,0.670492579,1.700556368,0.642672287,0.930156561,19.46239343,0.055748753,0.59688503,4.721755093,20.01309466,0.444566464,0,43.3724333,0.15149662,0.0139106,9.751159669,0.061740198
we3 011619 02,2.402871265,232.2050697,50.81823032,37.40938943,31.6560262,596.0238083,1781.767959,0.716503387,0.016267737,0.470719252,1.630615015,18.25195513,0.052453734,0.509162129,1.6379707,50.3506569,0.037635437,0,3.006706277,0.080382198,0.014710619,9.730646949,0.055874843
we2 122419 01,7.081111246,1479.660494,672.6667225,64.78556886,62.68299919,1518.556279,15059.11283,1.78641891,1.948888061,0.636328765,1.09879037,21.16490812,0.041985157,0.857149157,5.336231455,10.67958876,0.542540242,0,39.67197348,0.173244883,0.036245365,15.41177626,0.488747618
we2 041619 02,7.3668866,1358.945585,465.8448928,126.9234899,132.1157106,930.5750311,13951.61309,3.093751546,2.736570438,0.708067605,1.15996023,46.01956096,0.187464428,0.776843715,7.712642291,30.53084147,0.414740639,0,38.92134302,0.067909057,0.030735924,9.998926205,0.118021313
we2 040619 01,6.743699859,1242.666508,391.5360777,103.2054986,49.64154443,842.1281103,10851.44793,3.08789205,2.164380331,0.755620932,0.529360077,40.20030773,0.379246514,1.210103873,8.655423745,29.69207356,0.841266589,0,32.33312837,0.170602206,0.028547457,7.041387706,0.127620634
we3 040719 04,2.045240061,207.1639279,27.3271547,21.76622653,83.41773006,636.6114793,891.30944,0.068187494,0.039606052,0.499807644,1.0585265,4.407644808,0.009160112,1.117461801,0.557546745,29.86177402,0.079879415,0,2.565410507,0.016296034,0.007433707,3.734900503,0.067773538
we3 040619 03,1.277110593,178.0566261,40.54579148,9.871777118,13.98296066,628.5182428,638.3307818,0.068187494,0.101661558,0.550111387,0.803138327,4.313122953,0.128937509,0.668936737,0.829037418,35.41428325,0.036107865,3.112651543,1.51895843,0.044498764,0,5.393352912,0.059294346
we3 010919 03,1.827409333,322.9978051,43.98136107,16.43342453,32.17704331,583.7730798,2882.776199,0.068187494,0.073322442,0.627041076,1.431365377,4.192301154,0.035633425,0.336455791,0.423526413,57.17550564,0.125564277,0,4.563499609,0.017187129,0.02209072,12.27233037,0.027817112
we3 011819 03,1.111305172,207.1865542,13.09847102,17.50488143,16.63342661,568.5332767,707.8160307,0.068187494,0.058335425,0.649692244,0.433032606,3.37920847,0.045490976,0.295738951,0.287616843,34.46157363,0.20827992,0,0.767698554,0.008413205,0.007233176,4.038405884,0.018628425
we2 122618 02,5.51998512,1479.891456,766.1256588,34.53427951,134.3381389,1587.860004,15419.44282,0.716500468,2.185357625,0.861585268,0.958980696,21.61295161,0.043543494,0.792231165,4.656876679,17.8237979,0.455490011,0,48.16730653,0.133085947,0.030150625,9.728391016,0.16838336
we3 122918 02,1.749352102,129.8708215,44.67925315,23.0942245,100.3075939,601.1845791,1693.11735,0.068187494,0.05821708,0.796544978,0.860365608,5.182009584,0.008868756,1.081638232,0.634416584,36.01056241,0.041288056,3.574290118,1.105578969,0.008006687,0,8.06272235,0.059476146
we2 010919 03,5.005998953,1264.180364,593.2221539,38.76392829,29.16657573,1229.808874,12631.36053,0.666630818,1.99596215,0.598443191,0.703768993,20.29366286,0.057314404,0.541650092,4.582592677,13.46193519,0.905665827,3.401327124,34.28644692,0.109073544,0.014347136,10.91492593,0.057364783
we3 010919 04,2.073938309,364.3926904,58.68988179,22.65942415,16.74290151,572.8422964,3307.547361,0.068187494,0.038375447,0.656372017,0.750470477,4.207509707,0.035771261,0.562594692,0.475651524,72.2257526,0.086765165,0,1.066557084,0.086696169,0.014308777,16.1819982,0.032504736
we3 011819 02,0.837551016,158.3042154,16.4139875,10.18660242,44.74017262,487.5539432,429.1141289,0.068187494,0.051951043,0.789044998,0.869387783,4.169312273,0.019859745,0.250744571,0.210076279,26.71152651,0,0,0.349073826,0.112870472,0.029017141,3.542192703,0.010846204
we3 122318 03,2.210783398,1051.178531,119.5841033,11.48480306,51.58591931,671.4745801,1153.949462,0.068187494,0.078058425,0.719805773,1.910556441,5.133845792,0.041399016,0.470683411,0.50998667,42.18446081,0.040602671,0,2.265093878,0.033952983,0.021903992,6.362776427,0.062638782
we3 122918 03,1.09981431,75.00754673,20.24062944,22.89557974,33.26676946,635.0735215,1292.944397,0.67836447,0.036830464,1.045143023,1.022055335,5.687712269,0.021511905,0.659392368,0.555030133,51.66326847,0.119745074,0,0,0.026396278,0.01469873,6.568285763,0.043831917
we2 011919 04,5.300161009,1329.615392,617.1893383,45.68837281,84.41298513,1381.487961,14456.07944,0.666629853,1.966170588,0.50559089,1.271348525,21.53845095,0.062001968,0.545342064,4.639538739,6.376867498,0.406777696,0,37.30283762,0.17832553,0.029126766,8.069899092,0.063010074
we2 041619 01,5.086599174,1150.37902,561.3538242,73.79636639,126.9405872,839.9250229,13662.44536,3.949658354,2.575238122,0.937731239,0.908832794,33.41711095,0.1610239,1.028983192,7.757854895,28.91823905,0.469187005,0,39.7447927,0.043724116,0,9.932155479,0.884004748
we3 041519 01,2.461272162,518.3985869,115.6167952,17.19414277,87.97747301,632.4554543,1518.76833,0.739825642,0.259293616,0.633257129,3.428269102,11.4306973,0.290792063,0.395979009,1.392769404,57.36338361,0.157849603,0,3.480998552,0.121031783,0.022247953,12.09215844,0.070277862
we3 041919 01,1.954759256,203.7680286,112.4032245,5.078555198,29.42090997,564.842029,3578.912901,1.206686013,0.256201147,0.715933568,1.304239501,5.444399092,0.100312224,0.923444958,3.395426284,166.5908496,0,0,4.919312118,0.075105084,0.027739072,19.853988,0.611307873
we3 040819 01,1.26083669,100.8998243,28.33204047,10.86037838,45.83596663,467.8337717,1743.017478,1.748188004,0.053279695,0.573151672,0.725042262,5.543424439,0.067304368,0.729377235,1.161640905,56.16006979,0.084913494,0,0.751401008,0.189480664,0.007355394,9.344365879,0.470725557
we2 040719 01,6.181953424,1186.360218,607.4668561,47.26408927,84.96747529,1037.333248,15452.78652,3.768606083,2.245622688,0.697606189,1.332358014,32.54369891,0.216048963,0.705312309,6.710109507,18.39560928,0.644932772,3.782654455,42.56883881,0.08991991,0.022765699,13.44012518,0.073727964
we2 040819 02,5.887556262,1205.460218,590.9662157,50.70467634,96.67378765,1100.341922,14908.36414,4.243509948,2.333769579,0.824528467,1.05872385,31.24502256,0.18836571,0.86508304,6.282122958,16.60944939,0.431720475,0,44.18440444,0.20115205,0.00750574,13.07513183,0.062025897
we2 040919 03,6.865058068,1521.64556,578.6094655,77.417935,111.1909381,1057.497488,14995.33339,2.842586823,2.7265818,0.844032151,1.002854558,39.28651467,0.293237637,0.837677963,7.509734709,11.72284952,0.50193604,0,40.20851677,0.104757786,0.015200359,11.33522458,0.062677574
we2 010819 02,5.079496685,1465.932126,685.8626246,21.93194524,69.89784386,1276.421759,12445.91253,1.344744116,2.100951351,0.841139146,0.818992104,20.65408725,0.072658869,0.482494579,4.781082147,15.95793286,0.694338833,3.374123396,37.68963463,0.125558343,0.014867401,10.03180962,0.235934868
we2 051919 03,6.869846505,3352.38913,744.8283234,110.077132,398.2331376,4832.772812,12502.31692,6.578223277,3.607675684,1.23745243,9.111185679,73.99706324,0.572039611,7.356814725,21.0013013,157.4903294,1.25600977,0,33.67441367,0.333566926,0.595885253,20.08954841,0.691964014
we2 051919 04,6.200415732,2635.564227,626.5669342,101.7513848,310.7330616,3607.411467,13072.3102,4.871577705,3.16252194,1.088164766,5.365712787,57.25859223,0.264136581,2.563816881,13.76382381,56.087466,0.71379125,0,33.96470764,0.387529963,0.03773171,21.16670776,0.145286779
we3 051519 04,6.541322864,669.9604142,568.3546928,62.52962455,191.377146,1237.677575,17375.69407,3.06529521,0.62368834,0.994224201,221.5934295,162.5821015,2.361769058,3.346552044,21.72269906,297.388911,0.623844636,3.816893601,31.3953638,1.174300842,0.126928504,108.6929865,0.119315267
we3 051519 01,1.835277263,202.7572582,80.9134261,5.560715238,96.06167304,625.2958203,3218.901179,0.659057259,0.295768497,0.528131504,12.24697478,9.691451461,0.334242977,1.117305472,3.240697222,76.22101969,0.160811808,0,4.713508943,0.112347922,0.043163869,24.69113676,0.301354662
we3 051519 02,1.663505566,198.2934665,48.93510497,22.27038614,32.61907508,586.0321529,1735.269449,0.068187494,0.385365803,0.705661533,3.767043847,6.905992952,0.077743504,0.467528899,1.560113349,59.6832006,0,0,3.158918925,0.078189228,0,15.7756104,0.049871739
we3 051519 03,1.991706998,304.0434164,90.05369922,15.00610741,29.59279494,749.8788875,1901.225747,0.068187494,0.186720944,0.626422907,39.17980641,93.60124553,0.366588332,1.216878923,3.002737972,97.88067736,0.189790131,3.25687478,4.23858801,0.358884939,0.015257845,29.97449985,0.058366543
we3 041919 02,3.97647107,401.9544901,203.5083493,12.33248438,105.4988569,896.6513905,5260.309851,0.068187494,0.318209984,0.65907804,16.51055973,19.10256864,0.244567334,0.767411054,5.114486764,209.3420791,0.34142862,3.851767908,8.432091672,0.153281292,0.058420853,44.16278332,0.060877618
we3 051419 01,28.09279624,12824.33581,4398.353384,123.0576716,484.1202051,9130.853265,44479.11864,1.763070635,0.507825348,1.821714497,397.908113,284.7710107,2.368394147,19.14251027,112.4107769,916.9617477,1.608660302,0,83.50689409,3.622857876,0.306939143,387.7476562,1.127081605
we3 051419 02,9.995839628,1606.914105,751.1312037,64.62663405,304.6025017,1907.196305,19825.34787,2.098768108,1.442023644,1.05176408,109.1342819,78.6503577,1.520972131,3.289253423,23.11503952,506.9083197,0.576776836,0,32.1796873,0.801676033,0.224506651,115.4496667,0.141315865
we3 051419 03,4.382007458,521.443931,222.1371037,61.50459302,142.3144471,1036.295986,6913.582723,2.416721896,1.082737729,1.063712274,33.39382871,27.51160536,1.24101032,1.073627025,8.592650455,190.3527683,0.153578449,0,9.309819616,0.422751727,0.042705823,42.35277559,0.069536341
we3 051919 16 to 19,1.28559365,56.92830538,22.21608145,20.15159143,28.77886706,598.4780857,700.2345279,0.610959229,0.136762946,0.577152019,1.861162333,4.459923887,0.047336488,0.423291805,0.862889998,45.1921068,0.155513622,0,0.723972732,0.023874656,0.021927165,6.204904733,0.114033866
we3 051919 20,1.200684452,79.36645502,26.29469623,39.01431769,30.57199932,517.4036402,1334.829799,0.623884419,0.171819721,0.799364007,1.123469677,5.907634667,0.030258834,0.440365278,0.946878374,45.89051731,0.074982915,0,3.490436982,0.032668623,0.01612388,13.30759798,0.087172093
we3 051919 21,1.166674368,52.51223975,22.58259913,11.33713849,59.20518799,495.201303,1930.653647,0.068187494,0.112021848,0.54485294,1.292822247,4.335467903,0.012083429,0.357854597,0.635952166,46.21963855,0.038373663,0,1.835688117,0.023969997,0.034912365,8.4377775,0.039297394
we2 051919 05,5.5851609,2725.130908,636.0681602,103.9015869,103.5944681,3453.406387,13243.34863,7.855095901,3.090593571,0.822056342,5.28425724,52.50760648,0.575095974,2.049143781,11.44996743,174.7631305,0.66090255,0,39.29996177,0.5743669,0.038042405,18.87938394,0.458445463
we3 051819 01,9.939856075,986.6976005,453.6964235,16.57719589,16.00573945,1255.613845,10255.5459,0.068187494,0.296892075,0.933777649,143.0077044,647.8078489,1.93028104,6.152796691,13.21288994,291.1034799,0.920651685,0,16.92193946,0.928333602,0.773368562,88.39481702,0.991259456
we3 051819 02,3.028584037,155.89792,66.49709302,25.21958766,29.42082304,583.8243119,2461.698726,1.233706982,0.125268884,0.58788837,9.595963518,20.56682758,0.168448388,0.529108349,2.951876122,77.73632051,0.146048689,6.294992607,1.891731028,0.092812687,0.038316745,18.43709982,0.070488041
we3 51919 03 to 05,2.31099062,99.20417637,37.43317682,10.71808876,15.23895357,558.7603245,997.843792,0.068187494,0.190558601,0.851996545,1.169351809,6.598747807,0.016114797,0.317262965,1.082545984,59.87506845,0.254138649,3.112653383,2.274240162,0.116519142,0.007151467,9.795150592,0.06821865
we3 051919 06 to 10,1.596559174,92.22960639,47.57790013,19.45506538,29.86078794,516.0826889,1038.386257,0.549405475,0.173998492,2.249611311,4.263070539,16.58998788,0.045269536,0.61920142,1.152284334,58.01581129,0.307274932,0,1.17019436,0.307418229,0.061453957,11.59470069,0.097784727
we2 051819 01,5.902077283,2040.654222,226.8026462,38.13749323,28.67524608,1293.15499,9589.870841,0.068187494,1.670553672,0.794675959,11.34165818,6.026446831,0.1483389,0.942618572,3.249298721,961.2056174,0.621055623,0,50.10287347,0.114801107,0.01445055,11.47445547,0.482412507
we2 051919 02,7.446531754,2886.80595,565.9139355,116.9880274,337.9003482,4866.420978,10228.78725,2.48555291,3.109551463,1.056772939,9.209445719,71.03929548,0.305703067,1.405965946,13.55031496,133.7218355,0.935871589,0,36.15129027,0.411986291,0.045219705,19.85739252,0.122598799
we3 012019 01,0.657040345,206.5618262,4.751324388,4.505574036,26.10153536,511.8172955,0,1.071418415,0,0.437964425,0.445792072,4.169261545,0.026681838,0.456765092,0.875726971,0,0,0,0,0.008196082,0,0,0.490375321
we3 052519 06,1.046912562,78.11182303,35.52911832,34.82670219,0,539.9758586,593.869202,0.068187494,0.311863534,0.670421422,2.782649992,10.8161279,0.054018052,0.400771121,0.423813036,16.42119925,0.035843368,0,0.752388183,0.113207634,0.026725736,6.645600249,0.070220688
we3 052519 07,1.850330932,685.2626165,68.97462247,10.36911067,72.34740444,541.3270442,1133.582124,0.068187494,0.032962163,0.559464233,2.051295667,5.385110801,0.133045107,0.525565712,0.475295068,51.76256552,0.07469644,0,2.70324178,0.00882222,0.041644282,10.49650936,0.054728292
we2 052519 02,6.25277327,2518.088355,464.0263504,43.79285445,155.9670044,2540.655371,9978.090761,6.783096136,2.860285356,1.095574819,1.398743873,54.90319926,0.460374847,1.233840809,12.46238967,30.00897343,0.935138932,3.334116498,31.19392846,0.227609372,0.014614762,12.56334035,0.127108604
we3 051919 11 to 15,1.378525716,114.0046949,26.70906312,28.27410573,49.90013926,598.9866059,1087.573153,0.068187494,0.267463031,0.552759981,1.688970827,6.072341058,0.044243564,0.307785796,0.627395141,31.48838637,0.033626168,0,1.052388154,0.090595711,0.02864148,7.797374177,0.06948924