Sample name,Roof ,Datetime,B,B.rsd,Na,Na.rsd,Mg,Mg.rsd,Al,Al.rsd,Ti,Ti.rsd,V,V.rsd,Cr,Cr.rsd,Mn,Mn.rsd,Fe,Fe.rsd,Co,Co.rsd,Ni,Ni.rsd,Cu,Cu.rsd,Zn,Zn.rsd,As,As.rsd,Sr,Sr.rsd,Mo,Mo.rsd,Cd,Cd.rsd,Ba,Ba.rsd,Pb,Pb.rsd
we2 010819 02 ,Eco,1/8/2019 3:05,4.091421577,0,1311.375977,0,675.9290468,0,5.017118586,0,0.666638355,41.85712422,2.071135449,0,0.02085929,0,0,0,16.28857352,0,0,0,0,0,0,0,0,15.31873352,0.676482571,0,37.68963463,11.92714992,0.105607247,0,0,77.74776785,9.677625381,0,0,0
WE3 81118 01 ,Conventional,8/11/2018 16:12,43.76695487,2.352667629,2308.13928,0,2047.274289,0,119.3288253,32.09324689,2.610829721,23.7553275,2.43613833,0,1.732464215,0,349.4795368,0,2094.980315,0,2.837370207,5.438217116,7.053418511,0,16.22889147,0,273.019339,0,1.21238853,40.08970918,108.034724,5.517281973,2.622659153,0,0.050040186,43.19531191,158.0647675,3.75309442,1.594277956,0
WE3 81118 02 ,Conventional,8/11/2018 16:15,31.05233516,0.77020344,3495.720121,0,3119.134834,0,237.042221,30.37344082,7.323151833,38.92171541,4.940807138,0,3.100477923,0,395.1228718,0,1097.053822,0.0248219,4.641637178,7.593738447,13.69833294,0,25.18092144,0,1180.036518,0,1.1203101,16.57761158,186.5991207,2.921636712,2.375271904,0,0.424840802,7.88642862,228.2698299,3.903454079,1.257144488,0
WE3 82718 01 ,Conventional,8/27/2018 3:36,53.16841065,10.41587409,3344.314607,0,1681.357403,0,71.02043214,26.23466206,1.871623557,86.36333029,2.450536117,0,1.177099753,0,265.7518612,0,609.2654505,0,2.983316958,4.457827384,8.171947291,0,39.03879842,0,916.3866143,0,0.614503766,24.29033615,110.4221828,4.411887346,2.11834797,0,0.107288886,20.88480891,95.59542445,2.200892685,0.812552135,0
WE3 82718 02 ,Conventional,8/27/2018 4:45,8.443478535,1.99633677,1132.27262,0,700.9424417,0,52.92782409,49.24793504,2.416281382,19.89879214,2.057114841,0,0.598056249,0,89.72122699,0,94.69102029,0,1.156157439,5.82952163,2.608306813,0,28.08769954,0,483.0321769,0,0.508985102,45.56457979,45.22886701,13.244423,0.787881652,0,0.156353068,40.17084993,59.88952229,2.96726818,0.105541501,0
WE3 091018 01,Conventional,9/10/2018 4:35,12.68102067,2.087541455,1697.032977,0,891.173424,0,38.33335577,0,0,24.26424401,2.342535364,0,0.679052764,0,159.6834824,4.412698447,278.4142791,0,2.11421974,0,5.422602811,0,35.49749811,0,806.1695497,0,0.789840494,0,54.49025139,0,1.313453548,0,0.211705504,0,74.71087378,0,0.122593389,0
WE3 091118 03,Conventional,9/11/2018 7:15,22.15971868,1.030066485,3602.579327,0,900.4949146,0,15.06405702,0,0,34.8684251,2.319659984,0,0.829817945,0,123.396166,6.072283583,670.2840574,0,1.331100212,0,4.612162219,0,24.82029043,0,467.5548166,0,1.34270185,0,55.42627053,0,2.811549155,0,0.049453143,0,69.15640914,0,0.269669516,0
WE3 091218 04,Conventional,9/11/2018 17:25,3.856428173,11.30310772,788.8887044,0,208.4707806,0,1.70857485,0,0,0,1.023025138,0,0.124770447,0,22.80434795,8.497638762,19.21120591,0,0.309754759,0,1.446293868,0,8.300544455,0,232.2862678,0,0.200138073,0,16.96778056,0,0.391396777,0,0.043099759,0,33.3516563,0,0.014585454,0
WE3 091218 06,Conventional,9/11/2018 19:45,2.765269095,2.468823899,589.1968254,0,107.0538236,0,0,99.36122136,0,0,0.624872344,0,0.019127742,0,4.393138899,22.37931944,5.858711991,0,0.018101324,0,0.470832832,0,3.892493799,0,93.35218197,0,0.157641634,0,6.713352075,0,0.211265502,0,0.004515733,0,16.63981994,0,0,0
WE3 091218 07,Conventional,9/12/2018 1:20,4.215201251,1.024224216,721.0921042,0,287.0602092,0,0.733042267,0,0,0,0.999459082,0,0.123003489,0,12.85705249,7.976068157,25.88508183,0,0.145386341,0,1.113700031,0,10.16860309,0,201.9531114,0,0.32684919,0,19.68890818,0,0.654892059,0,0.008715987,0,29.95075206,0,0.004298521,0
WE3 091218 08,Conventional,9/12/2018 2:26,3.486600136,8.227827634,741.1123075,0,125.0257171,0,0,0,0,23.84933946,0.501305585,0,0.078702761,0,0.093075916,138.5316173,4.495529647,0,0.008647573,0,0.406313352,0,4.057492105,0,106.0073263,0,0.053575379,0,8.530240573,0,0.1772534,0,0.020832131,0,17.11922342,0,0,0
WE3 091218 09,Conventional,9/12/2018 6:05,4.972247777,0.848530822,798.5457925,0,234.6112607,0,6.07761461,0,0,0,0.867759182,0,0.106912914,0,0.632673377,33.34781013,7.86237467,0,0.029232481,0,0.831011116,0,8.045324195,0,170.9788372,0,0.185418689,0,18.12147273,0,0.372346307,0,0,0,28.8021372,0,0,69.45493044
WE3 091218 10,Conventional,9/12/2018 16:25,1.802646429,1.947332711,233.0971599,0,92.49963644,0,0,0,0,27.46601225,0.47941233,0,0.072805831,0,0.710768802,55.61046403,5.681613353,0,0.016875288,0,0.591912959,0,4.19207094,0,117.4671899,0,0.137959401,0,6.846429407,0,0.286289879,0,0.005897879,0,34.21664983,0,0,0
WE3 091218 12,Conventional,9/12/2018 16:35,0.513460365,9.862097845,141.6204892,0,33.36561054,0,0,72.94907088,0,0,0.092274549,0,0,0,1.378272589,54.72410089,2.649902198,0,0.017407393,0,0.076669412,0,1.481258237,0,45.30553676,0,0.080088395,0,1.229102044,0,0.035456098,0,0,0,5.793536212,0,0,0
WE2 91218 01 ,Eco,9/12/2018 16:55,15.4502055,1.687743088,9882.359641,0,951.6949118,0,31.08869413,96.40766831,3.306430066,127.7064111,3.606522395,0,0.620474953,0,1.676824625,0,39.23025285,0,0.079388297,0,2.885383516,0,26.94703836,0,384.0632433,0,1.719208814,0,70.24397732,0,1.427642023,0,0,0,24.20025167,0,0,0
WE3 091218 14,Conventional,9/12/2018 16:55,1.061287665,5.140317374,208.4295517,0,46.63746669,0,0,0,0,0,0.170801992,0,0.004596292,0,1.5315059,14.50497808,1.457514187,0,0.010956678,0,0.23650422,0,2.124348871,0,81.94944652,0,0.085111969,0,4.893443901,0,0.027869813,0,0,0,7.720438429,0,0.012773623,0
WE3 091218 15,Conventional,9/12/2018 17:16,1.381147632,2.339294049,306.485677,0,58.46721481,0,0,0,0,0,0.175424546,0,0,0,0.343070111,77.34270501,2.603574047,0,0.004358494,0,0.185608817,0,1.613416635,0,58.6373663,0,0.131743252,0,3.095152244,0,0.035790896,0,0,0,9.733359726,0,0,0
WE3 091218 16,Conventional,9/12/2018 18:21,1.16255777,1.572829756,259.6207969,0,69.31503775,0,0,0,0,0,0.281896891,0,0,0,0.409580703,91.73360571,1.220267955,0,0.008412798,56.45651477,0.254992338,0,1.916955457,0,96.31169534,0,0.185047523,0,6.339307405,0,0.058113243,0,0,0,15.22939373,0,0,0.472196916
WE2 91218 02 ,Eco,9/12/2018 20:10,12.92509526,1.541279276,3364.445649,0,670.6607945,0,63.17857609,37.76621303,3.363320133,112.9834925,3.644020302,0,1.054057765,0,3.039877852,0,77.63130345,0,0.85215694,0,2.376587541,0,16.86831544,0,176.4087357,0,1.402810799,0,33.07723545,0,0.719991532,0,0.694135254,0,15.26080561,0,0.863262211,0
WE2 91318 03,Eco,9/13/2018 20:15,14.3882789,1.193580713,3392.816754,0,819.5891688,0,27.21113277,53.04216727,4.893484982,26.58935991,3.629860095,0,0.33367786,0,0.04822576,0,69.86876724,0,0.066187314,0,1.346679016,0,17.48710547,0,162.4224569,0,1.06393142,0,40.97344847,0,0.543018434,0,0,0,16.17150895,0,0,0
WE3 091318 17,Conventional,9/13/2018 20:15,0.634702261,4.437831316,174.4412606,0,36.04010185,0,0,2415.292966,0,28.8762386,0.111384083,0,0,0,2.60614786,11.36370934,4.617304052,0,0.033811622,0,0.055333239,0,2.14397177,0,50.63475077,0,0,262.98123,2.347651349,0,0.028736492,0,0,0,7.063073444,0,0,0
WE3 091318 18,Conventional,9/13/2018 20:27,0.610878366,15.47267667,200.5691941,0,47.70910524,0,0,0,0,0,0.165438735,0,0.00080584,0,2.987562178,13.270844,6.557799377,0,0.047046923,0,0.161936087,0,3.135919012,0,62.14946739,0,0.036185946,0,1.152093646,0,0.070603683,0,0.008491722,0,8.586016784,0,0.004528789,0
WE2 091318 04,Eco,9/13/2018 22:55,18.70799685,1.731147678,7289.887345,0,1026.281265,0,64.12133214,0,6.431419984,24.03127216,4.336561344,0,0.56006293,0,3.855726174,14.30792407,121.9750597,2.585150154,0.513595296,0,1.692380019,5.427454701,26.14874832,0,100.2716811,0,1.873897134,0,52.96152878,0,0.83472839,0,0.00413048,0,26.35293279,0,0.057746676,0
WE3 091518 01,Conventional,9/15/2018 16:26,3.94081759,0.343188986,384.4045635,0,124.8815884,0,0,0,0,0,0.628046348,0,0.067174513,0,9.698011281,8.160120362,6.503108443,12.96089237,0.085660193,0,0.450481496,42.66648909,5.036261532,0,110.8394617,0,0.217736985,0,10.2395073,0,0.474897514,0,0.01182073,0,29.71298796,0,0.004470203,0
WE3 091618 02,Conventional,9/16/2018 5:35,0.237294065,6.9293275,80.58289483,0,23.32097382,0,0,0,0,29.28098452,0.018968299,0,0,0,1.767578055,55.32379342,1.593232957,7.284564269,0.012247418,0,0.072137025,0.846257185,1.043874906,0,33.05827873,0,0.057128219,0,2.025113521,0,0.015421308,0,0.009711283,0,7.025960449,0,0,98.27552076
WE3 091618 03,Conventional,9/16/2018 5:46,0,0,29.49865102,0,17.99878105,0,0,1281.150448,0,0,0.049239494,0,0,0,0.55477298,32.65450416,0.245438769,45.80440281,0.019946278,0,0,0,0.929022507,0,34.37107155,0,0.105808964,0,1.520440621,0,0,0,0.03736187,0,6.358695801,0,0,538.449895
WE2 091618 01,Eco,9/16/2018 6:06,18.95863476,1.246327667,6567.982743,0,788.1312505,0,32.26027325,0,1.247509065,35.6215951,4.643361589,0,0.551141917,0,0.794507156,53.66000474,73.0519297,4.629718712,0.263903624,0,1.746031417,3.03116924,27.02050594,0,88.01258156,0,1.917302649,0,61.45951918,0,0.927894707,0,0.034389494,0,22.82134006,0,0.094951924,0
WE3 091618 04,Conventional,9/16/2018 6:20,0,0,98.14144632,0,22.61208037,0,0,0,0,0,0.036493321,0,0.00308915,0,0.804789057,19.85541616,0.569618878,68.88366523,0.003248579,0,0.047918282,63.20457512,0.516187622,0,34.77947813,0,0.043070116,0,1.216867691,0,0,0,0,0,6.55078694,0,0,8.265894901
WE3 091618 05,Conventional,9/16/2018 8:56,1.542380969,2.251120774,359.182934,0,53.88201898,0,0,89.01482304,0,0,0.154652482,0,0,0,2.134095662,8.909732628,2.155980951,25.94561612,0.026425254,0,0.020333386,14.10147683,0.794027368,0,47.88999607,0,0.114936402,0,3.403761925,0,0.042243266,0,0.006612838,0,14.7063158,0,0,29.8366311
WE3 091618 06,Conventional,9/16/2018 12:05,0.99057233,4.180925147,248.4209137,0,45.76874356,0,0,0,0,0,0.093673668,0,0,0,1.317423526,18.80826787,0.862687136,18.84645068,0.021340959,0,0,64.98979179,0.89467583,0,33.48768934,0,0.059388374,0,1.922211823,0,0.00396061,0,0,143.8838896,11.78484771,0,0.003634732,5.539061002
WE3 091618 07,Conventional,9/16/2018 12:16,1.181651919,4.428737262,290.14984,0,48.36453818,0,10.73184054,0,0,0,0.269919322,0,0,0,1.59480051,27.44298035,0.737324169,25.13535062,0.01624836,0,0.218015943,9.012965201,1.004593863,0,46.83423364,0,0,0,3.6669344,0,0.024910848,0,0,0,14.72953247,0,0,78.79587642
WE2 091618 02,Eco,9/16/2018 13:15,14.78583214,1.581243026,5267.429483,0,809.3570672,0,63.4749147,0,0.574218825,25.32394195,3.914284517,0,0.46346817,0,0.684403631,73.01428849,67.60762564,2.602143479,0.304482376,0,1.70236467,0,22.38582821,0,117.0271584,0,1.348399965,0,45.60904066,0,0.576176807,0,0.020212102,0,20.83045633,0,0.032681917,9.875865535
WE2 091618 03,Eco,9/16/2018 23:50,16.12121286,0.606558662,6910.647089,0,683.6345369,0,26.79943489,0,0.224016352,19.03995846,4.222215787,0,0.492487594,0,0.522393396,74.57824221,69.9087923,8.318526181,0.265903503,0,1.449067841,0,24.14589746,0,91.20337145,0,1.540106829,0,44.09484766,0,0.659741299,0,0.005312486,0,15.474017,0,0.064100167,3.788026847
WE3 092218 01,Conventional,9/22/2018 6:12,21.25263901,0.705037795,3173.116443,0,915.1540951,0,6.359577401,70.75077933,0,0,0.485507768,0,0.441758959,0,36.134224,3.452759424,45.63217657,4.124658912,0.448315359,0,3.753364593,0,30.25061994,0,581.6711959,0,0.298067503,0,55.39296763,0,2.225012154,0,0.212449202,0,168.0820548,0,0.09343855,0
WE3 092218 02,Conventional,9/22/2018 11:16,8.201103238,1.226024616,1200.165066,0,289.5038132,0,0,74.61305117,0,4.093881905,0.29116506,0,0.098924515,0,27.69662551,17.16519253,7.60166808,7.929850643,0.298173853,0,0.991809061,0,4.614601811,0,175.9629197,0,0.118778147,0,14.27785119,0,0.426671931,0,0.050545476,0,48.79236951,0,0.083622636,0
WE3 100518 01,Conventional,10/5/2018 8:06,2.648537067,0.224616593,29.02012389,0,31.16683172,0,0,0,0,0,0.094735085,0,0,0,1.710808921,38.04897031,0.771264672,11.07812366,0.00739246,0,0.189286299,67.37100714,1.203520479,0,62.55523205,0,0,0,3.373687803,0,0.040773905,0,0,0,15.54944478,0,0,24.24315675
WE3 100518 02,Conventional,10/5/2018 8:45,0.179567776,24.44933396,41.99308963,0,27.99983527,0,0,0,0,0,0.072747975,0,0,0,1.810247321,47.97043724,0.365506278,12.9684042,0.023156262,0,0.454595816,25.00222354,0.938185033,0,50.88671704,0,0.146255964,0,2.110176177,0,0.006833969,0,0,0,7.867130711,0,0,161.0469034
WE3 100518 03,Conventional,10/5/2018 11:40,1.031808874,1.131357145,201.1722841,0,35.288509,0,0,2122.30467,0,0,0.117698139,0,0,0,2.812656777,24.07657935,6.383678093,5.621818874,0.009014134,0,0.151051427,6.032537255,0.570715192,0,53.20741122,0,0.096478426,0,1.989624623,0,0.028344082,0,0,0,9.777309238,0,0.024897758,0.763100716
WE3 100518 05,Conventional,10/5/2018 12:45,0,0,43.37792108,0,3.723868331,0,12.93584273,72.81473084,0,0,0,0,0.021052371,0,0,0,0,0,0.005308837,0,0,0,0,0,0,0,0.045778633,0,0.222255131,86.60254038,0,468.0547741,0.001439885,0,0.304791131,7.254091828,0,0
WE3 100518 06,Conventional,10/5/2018 13:30,1.200864917,2.596195905,148.9456125,0,48.05489396,0,0,1310.507582,0,0,0.10562188,0,0.002854835,0,2.033724988,28.37880082,0.980999819,9.866558434,0.02729594,0,0.151145829,20.39464835,0.834901781,0,76.88315946,0,0.190043091,0,5.26725315,0,0.106182578,0,0,0,12.96695916,0,0,30.70883706
WE3 100518 07,Conventional,10/5/2018 15:40,0.460830695,6.92550345,134.6898355,0,32.18177556,0,0,0,0,0,0.10784171,0,0,0,0.313891227,107.251693,0.92879372,32.25424196,0.012092068,0,0.16448643,79.78596273,0.611476673,0,47.49511041,0,0.197931164,0,1.465127511,0,0.083930954,0,0.017158277,0,8.899643439,0,0.004205722,49.85747232
WE2 100518 01,Eco,10/5/2018 16:34,22.25425781,15.46375753,5305.529165,0,834.1083779,0,1.180355645,0,0,24.81111923,1.799093871,0,0.859159345,0,163.0413073,6.734255686,25.93807107,2.498026275,0.994150941,0,1.465938478,27.48722738,10.46303009,0,503.1541101,0,1.408370281,0,61.40719107,0,0.47220286,0,0.015700222,6.776376986,28.83647253,0,0.430904872,8.457660583
WE3 100518 08,Conventional,10/5/2018 17:40,0.383064769,90.78993239,192.357476,0,53.13952098,0,0,0,0,0,0.425728875,0,0.225204263,32.0359153,1.73108062,37.25920284,2.837015982,100.6012848,0.226347946,0,0.465844641,92.54354616,1.319310349,0,61.81115543,0,0.217748789,0,4.972899804,0,0.056658357,0,0.235004433,18.51199343,11.13398863,0,0.205396108,153.6445962
WE3 100518 09,Conventional,10/5/2018 22:00,1.235980479,3.443623108,269.0155448,0,63.83252896,0,0,0,0,29.28093756,0.31660809,0,0,0,2.419473777,36.43273379,1.866601447,15.87997677,0.028321989,0,0.113404793,35.84438118,1.588029906,0,68.21254166,0,0,0,3.288481429,0,0.111114662,0,0.011572864,0,12.3472942,0,0,87.58485476
WE2 100518 02,Eco,10/5/2018 22:36,13.54972619,5.808405406,6293.999427,0,738.1446539,0,4.432678149,0,0,25.67841691,3.104714455,0,0.37929048,0,15.04217314,11.46343916,30.29008813,6.429476711,0.232872655,0,1.349214338,21.6584533,15.85743091,0,184.5571532,0,0.908724716,0,42.12231842,0,0.559345448,0,0,10.72879621,16.35561371,0,0.067628667,0
WE3 100518 10,Conventional,10/5/2018 22:40,1.057485181,39.68017408,381.5970721,0,103.3154622,0,0,1094.167428,0,28.7061485,0.238729786,0,0,0,0.513977572,35.88778163,3.975306011,9.511331891,0.014764273,0,0.428935675,30.26066484,2.136030441,0,99.20557149,0,0,0,6.048389844,0,0.137837631,0,0.025319702,0,16.03872665,0,0.012506646,77.72018165
WE3 100518 11,Conventional,10/5/2018 23:45,4.956537107,1.290836801,1471.96659,0,300.3558856,0,0,86.72239367,0,0,0.36292219,0,0.128623765,0,11.92205856,14.94253817,6.117208661,11.61155007,0.125007234,0,0.651972352,19.30081607,6.095120344,0,141.0268652,0,0.093207744,0,15.00040962,0,0.368039719,0,0.071899538,0,30.37185633,0,0.036491329,76.53708384
WE2 100518 03,Eco,10/6/2018 0:25,15.91462884,61.25410893,4811.152025,0,707.1580684,0,0,0,0,54.99930673,2.807202443,0,0.327139384,0,1.023384341,35.25575994,35.37991932,2.919735354,0.191435602,0,0.939558971,20.00980762,13.22176611,0,103.5624028,0,1.121529018,0,33.26387449,0,0.523910349,0,0,0,12.68241199,0,0.031816376,1.478219284
WE2 100518 04,Eco,10/6/2018 2:10,8.621742549,2.495399028,4731.166845,0,628.5062504,0,26.14655141,0,0,40.18073311,2.600941432,0,0.253819447,0,0.895694034,39.09992844,36.32605484,8.611898767,0.192692763,0,0.903890418,26.87695468,13.98819448,0,84.63199035,0,1.163705731,0,32.87243364,0,0.7245978,0,0,0,12.09306195,0,0.010231082,4.954234141
WE3 100518 12,Conventional,10/6/2018 2:40,22.54356802,2.214339618,6382.351187,0,1153.372046,0,0,0,0,29.94041588,0.489949683,0,0.271271263,0,59.23490058,9.691699326,43.95188443,3.717868318,0.580197671,0,3.501030767,9.270478096,24.87981126,0,434.2756547,0,0.352604098,0,53.10344935,0,1.59237508,0,0.139970802,0,107.3019788,0,0.107738192,14.35019799
WE2 100518 05,Eco,10/6/2018 3:40,7.51882318,3.015191348,5387.724513,0,584.9252986,0,52.18680746,0,0,50.17985088,3.022612431,0,0.339431156,0,2.146112779,18.14648315,48.53310282,6.762489024,0.171392426,0,1.081585802,13.3298149,16.76422185,0,64.9361583,0,1.014985018,0,37.38199522,0,0.522372663,0,0.011966771,0,12.71957025,0,0.022226232,0
WE2 100518 06,Eco,10/6/2018 6:15,6.777287222,2.090314321,5984.866824,0,556.9123604,0,0,0,3.036462316,53.37236584,3.118037418,0,0.22609454,0,0.753558977,77.61539619,52.22677687,7.617047063,0.191064364,0,0.929003223,11.23269227,16.02344671,0,56.00112691,0,0.896252585,0,31.03715848,0,0.520941107,0,0,0,12.98775347,0,0.002552485,19.76342837
WE2 100518 07,Eco,10/6/2018 10:00,6.844659997,1.947499119,5903.609029,0,510.8301556,0,31.59519035,0,0.92787913,27.27097389,3.051503614,0,0.37095965,0,1.171211803,49.1044319,52.38529598,1.943735689,0.262359247,0,0.947081494,27.70342328,16.60702793,0,75.79237967,0,0.870339422,0,29.4121142,0,0.36718737,0,0.079947123,0,11.51204837,0,0.148369073,61.82417411
WE2 100518 08,Eco,10/6/2018 15:40,9.565350926,16.56394005,5632.79378,0,496.8757089,0,18.98390855,0,0,19.04648182,3.634769546,0,0.285347497,0,0.56620967,53.33715889,45.79934846,2.747460906,0.207058925,0,1.101634952,15.45344992,16.12881107,0,72.31062094,0,1.210673127,0,29.23204217,0,0.437512376,0,0.062079143,0,12.97953458,0,0.070247557,90.75222711
we2 100718 09,Eco,10/7/2018 1:55,8.712780651,0,5893.60875,0,526.6719434,0,46.63364248,55.47466835,2.638033115,24.95175633,3.493335979,1.487901817,0.30612961,0,0.345219644,165.9836772,44.6072985,0,0.19983419,0,0.535978755,0,16.45013323,8.057435965,66.43222137,7.393936318,0.945165835,31.74089865,28.36380743,15.56409747,0.409865615,0,0,0,12.91221091,27.59083193,0.030673139,0
we3 100718 01,Conventional,10/7/2018 10:16,2.785996784,0,484.0456331,0,104.3002179,0,0,0,0,0,0.321407786,43.89610434,0,0,3.824995965,4.761769079,1.90339515,0,0.024349944,0,0.362534167,0,3.592571171,3.994119813,132.247516,1.723209052,0.094900486,111.8910302,5.820049105,15.94875399,0.176596448,0,0.018462918,0,33.66380273,1.238588141,0.024608621,0
we3 100718 02,Conventional,10/7/2018 13:20,4.53591829,0,119.6080493,0,44.69798313,0,13.04064704,136.6346751,0,0,0.194995262,52.72218535,0,0,2.241628011,14.83470247,1.777991057,0,0.049545312,0,0,284.0067982,3.330312922,2.794477677,89.13068401,9.28283326,0.589201771,35.20735211,4.014200406,8.61884923,0.106939174,0,0.00758043,0,30.53407789,8.424028263,0.030155682,0
we2 100718 1-2,Eco ,10/7/2018 14:40,9.663368789,0,5612.977955,0,613.6094699,0,81.11158475,45.06187611,1.717977234,70.24020985,3.090673657,7.060170717,0.201281883,0,0.446612954,88.30462404,42.1906324,0,0.185831968,0,0.917740434,0,17.26642652,5.538245958,89.00727587,6.852030583,0.95773709,26.16877751,34.25482141,12.8125497,0.313239526,0,0.014439259,0,11.63488506,15.23059045,0.061166319,0
we2 100718 1-2,Eco ,10/7/2018 18:45,9.663368789,0,5612.977955,0,613.6094699,0,81.11158475,45.06187611,1.717977234,70.24020985,3.090673657,7.060170717,0.201281883,0,0.446612954,88.30462404,42.1906324,0,0.185831968,0,0.917740434,0,17.26642652,5.538245958,89.00727587,6.852030583,0.95773709,26.16877751,34.25482141,12.8125497,0.313239526,0,0.014439259,0,11.63488506,15.23059045,0.061166319,0
we3 100718 03,Conventional,10/7/2018 21:06,4.438851422,0,129.8408203,0,49.26269529,0,1.435795542,762.7406884,0,0,0.213966657,21.21267387,0,0,3.715731315,11.55594306,1.655744907,0,0.036748109,0,0.005381735,199.4532408,3.766022051,6.262737694,96.3657088,5.792020547,0.558854186,37.18716366,3.5525961,56.66712661,0.089742354,0,0.02998037,0,30.00841555,0.550362176,0.032944366,0
we2 100718 3-4,Eco ,10/7/2018 23:35,8.521386951,0,5765.813195,0,688.5395145,0,56.34104748,57.0191587,2.130280654,81.88696099,2.933935907,24.41458307,0.34657884,0,0.94554539,73.81486914,47.68260467,0,0.24401053,0,1.168360048,0,16.43132631,1.366823512,98.4544898,5.853340099,0.752632142,13.74919135,35.43541238,9.074021461,0.44603854,0,0.005989472,0,15.25588649,20.82718284,0.1694922,0
we3 100818 04,Conventional,10/8/2018 1:55,1.446447229,0,51.30995562,0,27.24738173,0,5.190361832,165.0115941,0,0,0.04764,161.7228043,0.055348182,3.818555564,1.638747982,26.54831051,2.034000018,0,0.015796171,0,0.222569989,0,1.312185297,9.785231297,63.35436935,5.266948822,0.3392844,51.09454904,3.035153772,73.37575254,0.043701712,0,0,0,19.73185497,3.414236039,0.012362234,0
we2 100718 3-4,Eco,10/8/2018 2:10,8.521386951,0,5765.813195,0,688.5395145,0,56.34104748,57.0191587,2.130280654,81.88696099,2.933935907,24.41458307,0.34657884,0,0.94554539,73.81486914,47.68260467,0,0.24401053,0,1.168360048,0,16.43132631,1.366823512,98.4544898,5.853340099,0.752632142,13.74919135,35.43541238,9.074021461,0.44603854,0,0.005989472,0,15.25588649,20.82718284,0.1694922,0
we3 100818 05,Conventional,10/8/2018 5:05,0.762454311,0,53.93453752,0,28.84049309,0,2.430626139,524.2066766,0,0,0.036039371,113.6827419,0.013764092,0,0.967122649,42.98803659,0.35221076,0,0.042876674,0,0.086132777,0,1.297180133,13.00730011,74.07475923,3.185783707,0.185115241,93.81747509,4.51531878,46.39050854,0.032326199,0,0.018041379,0,26.74967139,8.453435236,0.001965137,0
we2 100818 05,Eco,10/8/2018 6:15,7.543967298,0,5998.686236,0,747.7191019,0,115.1084017,2.035059714,3.660010043,16.54268103,2.659798092,8.423080522,0.368533829,0,1.109759472,45.24951794,51.44079409,0,0.245457253,0,1.235753532,0,16.92974936,6.087011645,71.67250856,3.377378168,0.810498846,16.90328463,43.24350046,10.70483626,0.519265476,0,0,0,12.90685932,14.33312301,0.163780129,0
we2 100818 06,Eco,10/8/2018 10:10,7.664564479,0,6471.136891,0,769.0131244,0,55.1011543,15.34434638,3.370360227,85.10608872,3.142450621,11.66242979,0.363195198,0,0.685900088,84.84472195,52.39119807,0,0.241738406,0,1.055533117,0,17.06048109,4.887199728,51.58347095,6.646547847,1.068893696,26.25936393,38.86856235,13.90311741,0.471160138,0,0.012161827,0,14.70717281,20.43735957,0.038671767,0
we3 100818 06,Conventional,10/8/2018 14:05,6.71839078,0,139.9425099,0,61.98062296,0,5.050698602,289.278801,0,0,0.135102168,61.98265432,0.079214179,0,1.52566781,51.80486715,2.698456557,0,0.033417748,0,1.036694733,0,1.489572032,2.755846281,99.11875516,2.99491935,0.484943827,62.507278,5.368086171,25.15275547,0.375449217,0,0.025562478,0,43.05091475,10.15045034,0.03032661,0
we2 100818 07,Eco,10/8/2018 14:40,7.454612152,0,6413.647028,0,708.0440361,0,54.91273742,13.86167941,1.721288104,164.1879119,3.796609487,7.868286627,0.340386307,0,0.294747022,84.26233083,50.49524779,0,0.240030502,0,0.819811047,0,17.40146733,6.102226592,43.55484247,7.394075619,1.00357598,14.79460027,41.87821385,5.665063927,0.383128413,0,0,0,17.39577353,6.49510935,0.028426553,0
we2 100818 08,Eco,10/8/2018 20:05,7.518131431,0,6250.337864,0,722.5190639,0,78.41771935,57.92873946,1.192738518,145.9123871,3.339972575,6.28055131,0.33821133,0,0.619817654,77.72885252,47.09421404,0,0.252530052,0,0.970093036,0,16.86522808,3.868673571,50.67965431,5.75866892,0.760604996,29.16175555,45.96066314,3.049850702,0.415130876,0,0,0,17.16884128,17.23537541,0.029381545,0
we2 100918 09,Eco,10/9/2018 5:10,7.539410294,0,6472.796514,0,745.5464626,0,87.72114838,28.27196742,3.129298573,62.55606265,3.179972462,9.053694957,0.323336488,0,0.008615873,3313.471803,49.9118823,0,0.25061985,0,0.931730401,0,16.99853253,4.36731202,63.20948016,5.847165702,1.188184656,16.33875568,40.82708239,7.86864076,0.408525646,0,0.009650581,0,17.61446741,10.42823304,0.028483674,0
we3 112218 01,Conventional,11/22/2018 1:50,0,0,113.9536588,0,53.56076428,0,0,120.8047174,0,0,0.33814024,42.74366817,0,2.666710852,1.883946019,47.78858923,3.239957243,0,0.022221404,14.76640011,0.248292153,63.7415036,0,0,75.45491638,0,0.026730616,207.486853,3.028756606,0,0.060408894,0,0.015502456,0,13.27598631,14.94231544,0,0
we3 112318 03,Conventional,11/22/2018 10:25,0,0,95.31039912,0,51.78082039,0,0,0,0,0,0.130061652,68.50810868,0.097822658,0,0.428565914,123.3420213,0.766689645,0,0.010364814,0,0,0,0,0,30.2552338,0,0,0,1.363276344,0,0.023187619,0,0.034400844,0,8.086225228,23.97168311,0,0
we2 112218 01,Eco,11/22/2018 11:53,2.12591114,0,3056.257968,0,673.5265695,0,59.243186,0,1.356060669,150.8536333,2.555003288,5.748402683,0.298899206,0,0.30420359,80.50673595,45.6677297,0,0.257463353,0,1.4311859,11.01709607,10.46472296,0,78.07839589,0,0.834868916,37.7646662,42.23233314,0,0.168558036,0,0.012175577,0,13.8414063,7.633949407,0,0
we3 112218 02,Conventional,11/22/2018 14:05,0,0,58.71408019,0,18.63464178,0,0,977.0139661,0,0,0.090289228,3.44265191,0.033337563,0,0.941527955,32.03236629,1.752141183,0,0.026223996,0,1.505234775,19.4922941,0,0,39.30959837,0,0,0,1.147866837,0,0.03947865,0,0.154780219,0,6.23557084,23.44029775,0,0
we2 1122-2318 2-3,Eco,11/22/2018 23:00,2.409110769,0,2968.297225,0,634.8413094,0,70.9209808,0,2.804387337,56.91253223,2.663914507,8.344885946,0.314911665,0,0.419551588,64.5766992,46.76905619,0,0.149685527,0,0.936453429,5.563570438,8.958559516,0,46.06339469,0,0.979484836,25.39474284,33.34972541,0,0.146616625,0,0.020477638,0,12.30985827,8.905814288,0,0
we2 1122-2318 2-3,Eco,11/23/2018 0:10,2.409110769,0,2968.297225,0,634.8413094,0,70.9209808,0,2.804387337,56.91253223,2.663914507,8.344885946,0.314911665,0,0.419551588,64.5766992,46.76905619,0,0.149685527,0,0.936453429,5.563570438,8.958559516,0,46.06339469,0,0.979484836,25.39474284,33.34972541,0,0.146616625,0,0.020477638,0,12.30985827,8.905814288,0,0
we3 112718 01,Conventional,11/27/2018 2:35,0,0,64.01114074,0,19.4467682,0,0,0,0,0,0.032536087,193.202894,0.192421431,0,0.218137829,45.47107817,0.263441796,0,0.017132482,0,0,0,0,4.960158728,28.78508959,0,0,0,2.368772217,13.17563542,0.003061083,186.0237665,0,0,6.423585933,16.1183669,0,0
WE3 112718 02,Conventional,11/27/2018 6:05,0,6.462649808,39.74664523,0,12.48350758,29.74151235,5.275122764,0,0.235492613,18.00547589,0,0,0,0,0.309811501,0,0.806603146,0,0.006967003,0,0,4.474068706,0,18.63280435,10.31622911,0.195106347,0,0,0.850395693,46.01675193,0.027364986,0,0.026539854,0,5.808448633,43.75550693,0,10.96815418
we2 112718 1-2,Eco,11/27/2018 6:30,3.504456939,0,2568.988838,0,554.4253429,0,38.98301791,9.097748886,1.981497563,92.05198039,2.597995309,2.084212871,0.251864279,0,1.524096443,0,43.06816785,0,0.202601806,0,0.620395496,15.64109431,4.861591492,0.133262155,20.26448164,0,0.506744644,0,35.49423737,13.73633597,0.180653882,0,0,0,9.682547615,18.40998072,0,0
we2 112718 1-2,Eco,11/27/2018 14:10,3.504456939,0,2568.988838,0,554.4253429,0,38.98301791,9.097748886,1.981497563,92.05198039,2.597995309,2.084212871,0.251864279,0,1.524096443,0,43.06816785,0,0.202601806,0,0.620395496,15.64109431,4.861591492,0.133262155,20.26448164,0,0.506744644,0,35.49423737,13.73633597,0.180653882,0,0,0,9.682547615,18.40998072,0,0
WE2 112818 01,Eco,11/28/2018 17:30,4.046732732,0.691561291,2132.825001,0,598.1347104,6.476471992,32.88005578,0,1.580071345,0,2.269118628,0,0.116381789,0,0.068180175,12.45316522,28.78016464,0,0.119054459,0,0,0.699338046,0,0,1.406559051,0,0.514188119,42.25669293,51.19525144,8.819842644,0.171708924,0,0.004854462,0,11.73889207,10.12664735,0,1.029213655
WE3 113018 01,Conventional,11/30/2018 11:25,0,0.178235741,145.8550077,0,47.91197312,10.15660223,0,0,0,0,0.008081162,0,0,0,0.33404005,0,0.213464076,0,0,0,0,21.38567429,0,0.071336218,43.69737914,2.59944035,0.03575768,248.7788618,3.084831118,34.67994442,0.059697568,0,0.015122054,0,22.8003,7.251611005,0,7.305865329
WE3 120118 02,Conventional,12/1/2018 2:15,0.396171559,1.909511095,300.6202972,0,82.24897847,9.048873608,0,144.9185712,0,0.226971625,0.076629983,0,0,0,0.139489084,0,4.754663514,0,0.006788831,0,0,35.90415498,0,1.563997837,48.19999801,0,0,0,3.824524441,50.2469377,0.201762884,0,0,0,31.10280465,5.36560893,0,3.677398748
we2 120218 02,Eco,12/1/2018 3:40,4.56415809,1.187705744,2481.945225,0,710.8253373,0,26.57193962,0,0,0,2.042105345,0,0.101509675,0,0,0,30.06621233,0,0.096871894,0,0,0,0,0,0,0,0.429100491,8.073461405,40.30102494,0,0.1063946,0,0,1476.019025,11.97208945,0,0,0
WE3 120918 01 ,Conventional,12/9/2018 14:10,0,1.060836584,56.93567206,0,18.96260873,35.72676932,11.79636981,0,0.004156482,0.150766966,0.077254688,47.87747227,0.02392712,0,1.496559446,6.641715993,0.783999782,0,0.001622015,10.31638257,0,13.24176318,0,0,28.07629145,0,0,0,2.507526571,24.36763595,0.043867274,0,0,0,9.070628424,16.95550196,0,5.033822456
WE2 120918 01,Eco,12/9/2018 20:10,2.22184018,0.397877604,1824.085483,0,544.2148299,1.772476256,26.59262848,0,1.840760411,22.30972954,2.063882742,10.28282216,0.186096623,0,0.46536153,57.56935868,25.3824083,0,0.105264104,0,0,6.964552325,0,1.478617697,0.026423659,0,0.611369836,54.14242165,36.99427394,1.589582074,0.133405796,0,0,0,8.018881302,21.37333487,0,0
WE2 121118 02,Eco,12/11/2018 0:00,2.22184018,0.397877604,1824.085483,0,544.2148299,1.772476256,26.59262848,0,1.840760411,22.30972954,2.063882742,10.28282216,0.186096623,0,0.46536153,57.56935868,25.3824083,0,0.105264104,0,0,6.964552325,0,1.478617697,0.026423659,0,0.611369836,54.14242165,36.99427394,1.589582074,0.133405796,0,0,0,8.018881302,21.37333487,0,0
WE3 121118 02,Conventional,12/11/2018 2:55,0,14.58437679,476.1289747,0,59.1560715,15.2872741,0,77.06406369,0,0,0.028811593,220.7009707,0.014205688,0,1.937974975,28.4251302,1.276830695,0,0.02503975,0,0,17.94528899,0,2.119269472,44.08598386,0,0.083762615,133.5129835,2.981786581,52.85998056,0.056414511,0,0,0,12.39540241,12.98364236,0,6.8890835
we3 121118 01,Conventional,12/11/2018 16:10,0,0,0,0,10.4702949,0,2.077616247,0,0.319820809,366.2115572,0,0,0,0,0,0,0,0,0,0,0,28.32907121,0,0,17.82264083,0,0,0,1.083523786,19.40858998,0,0,0,0,6.466048134,12.21549629,0,0
we2 121118 01,Eco,12/11/2018 18:40,2.417765639,0,1969.792547,0,572.6024142,0,62.21260465,0,1.779882383,146.8633536,2.062540453,15.40574324,0,0,0.210357599,0,28.37253659,0,0.045117362,0,0,1.578025345,0.017597189,0.209457977,4.145339907,0,0.79454193,53.82318286,33.07923474,13.12262343,0.224296109,0,0,0,10.98551695,18.69953119,0,0
we2 121218 02,Eco,12/12/2018 2:10,2.417765639,0,1969.792547,0,572.6024142,0,62.21260465,0,1.779882383,146.8633536,2.062540453,15.40574324,0,0,0.210357599,0,28.37253659,0,0.045117362,0,0,1.578025345,0.017597189,0.209457977,4.145339907,0,0.79454193,53.82318286,33.07923474,13.12262343,0.224296109,0,0,0,10.98551695,18.69953119,0,0
we2 1216-1818 1-2,Eco,12/16/2018 14:55,2.994030919,0,1919.582333,0,586.4014253,0,27.58455228,0,1.670311674,109.4868908,2.129976293,0,0.117888829,0,0,166.0892228,26.15929049,0,0.022171125,24.0150327,0,32.92844997,0,0,0,0,0.554579224,36.15350824,35.89855978,9.413186423,0.150617222,0,0,0,10.83629385,14.23462178,0,0
we3 121718 01,Conventional,12/17/2018 3:30,0.933740714,0,1911.433894,0,116.091114,0,7.979398436,0,0,0,0,0,0.004567044,0,0,102.4911435,1.278943642,0,0,46.03517438,0,0,0,4.923507928,0,9.472723778,0,0,3.03924463,35.12420413,0.037628152,0,0,0,9.056234465,15.3465078,0,0
we2 1216-1818 1-2,Eco,12/17/2018 6:55,2.994030919,0,1919.582333,0,586.4014253,0,27.58455228,0,1.670311674,109.4868908,2.129976293,0,0.117888829,0,0,166.0892228,26.15929049,0,0.022171125,24.0150327,0,32.92844997,0,0,0,0,0.554579224,36.15350824,35.89855978,9.413186423,0.150617222,0,0,0,10.83629385,14.23462178,0,0
we3 121718 02,Conventional,12/17/2018 22:20,0,0,138.2259035,0,27.36648553,0,0,0,0,0,0.020750568,0,0,0,0.252071474,0,0.436731936,0,0,39.15480919,0,3.204376215,0,0,0,0,0,0,1.775262419,6.403282436,0.003856432,0,0,0,7.200190337,20.06834234,0,0
we3 121818 03,Conventional,12/18/2018 4:20,0,0,42.84226336,0,12.9997677,0,0,0,0,0,0,0,0.008059365,0,0.464585342,0,0.368226144,0,0,100.5775035,0,0,0,26.03263884,0,0,0.010221257,869.4734237,0.649155767,152.3659979,0.012437858,0,0,0,5.647805406,18.64502733,0,0
we3 121818 04,Conventional,12/18/2018 7:00,0,0,15.84778653,0,1.893241636,0,0,0,0,0,0.01613141,0,0,0,0,0,0.325502393,0,0,82.0612493,0,0,0,1.94456804,0,0,0,0,0.170966529,325.9766079,0.011628803,0,0,0,3.570586213,20.77428197,0,0
we3 122218 01,Conventional,12/22/2018 17:50,0,0,1292.454995,0,167.4781924,0,0,0,0,0,0.041613251,98.43021879,0,37.02117923,0.608360473,0,1.516311785,0,0.005887573,0,0,66.20415134,0,0,0,0.553545717,0.039028958,211.9341043,2.191962404,0,0.066604971,0,0.00920571,0,9.386074109,10.89301857,0,0
we3 122218 02,Conventional,12/22/2018 20:40,0,0,162.3664099,0,31.66721343,0,3.539153482,153.9411587,0,0,0,0,0,0,0.085813347,92.17147078,1.59677058,0,0,9.709732934,0,437.1554817,0,4.513536759,0,0,0.02678267,198.4352298,1.153836863,0,0.012488438,0,0,11.75230027,5.314015169,11.92914006,0,0
we2 122419 01 ,Eco,12/24/2018 0:15,3.167763604,0,1419.62762,0,659.1149057,0,18.22279723,0,0.500489404,0,1.872339577,0,0,0,0,0,13.96954997,0,0,0,0,0,0,0,0,0.460232624,0.446550553,0,39.31494619,0,0.129227035,0,0,38.76629537,14.91670564,0,0,0
we2 122618 02 ,Eco,12/26/2018 15:50,1.606637478,0,1419.858582,0,752.5738421,0,0,0,0,0,2.108809142,0,0,0,0,0,14.41759346,0,0,0,0,0,0,0,0,0.779503637,0.359500322,0,47.81027925,0,0.089068099,0,0,89.58561066,9.233320396,0,0,0
we2 122918 01 ,Eco,12/29/2018 19:35,3.613773542,0,1097.453412,0,513.7450373,0,0,0,0,0,1.900087179,0,0,0,0,0,14.4353112,0,0,0,0,0,0,0,0,5.423725596,0.340840645,0,46.76989961,0,0.148834133,0,0,71.90488223,9.170070098,0,0,0
we2 123118 03 ,Eco,12/31/2018 4:10,0.408957601,637.7739295,1259.342565,0,696.9417098,0,0,238.8418977,0.536614644,0,1.808952616,0,0.094557263,0,0,0,16.43888786,0,0,0,0,0,0,0,0,6.470183933,0.492754998,15.82415777,44.34322052,0,0.14735678,0,0,0,11.89793076,0,0,0
we3 010619 01,Conventional,1/6/2019 3:30,1.085863201,0,209.8365407,0,48.75630399,0,5.744597494,0,0,0,0.008559545,0,0,0,0,0,0,0,0,0,0,0,0,0,9.697401498,0.883678876,0.068908904,0.253950397,1.066557084,7.203091249,0.066745074,0,0,0,15.82781397,0,0,0
we2 010619 01,Eco,1/6/2019 11:20,4.588900468,0,1219.031441,0,572.6574097,0,5.949428421,0,0,0,2.061425689,0,0,0,0,0,17.18676549,0,0,13.51548021,0,0,0,0,0,3.242299725,0.682793075,12.03473986,33.38010716,13.61778981,0.116323802,0,0,0,8.091710262,18.67819191,0,0
we3 010819 02 ,Conventional,1/8/2019 5:25,0,0,53.2400674,0,27.56098179,0,0,0,0,0,0.035831614,0,0,0,0,0,0.404087213,0,0,0,0,0,0,0,0,1.564636827,0.008948654,392.2181523,2.326614582,0,0.004058643,0,0,0,9.548440175,0,0,0
we2 010919 03 ,Eco,1/9/2019 5:15,4.017923844,0,1109.624214,0,583.2885761,0,21.84910164,0,0,114.1077428,1.966146248,0,0,0,0,0,15.92814912,0,0,0,0,0,0,0,0,4.818037915,0.887809566,0,34.28644692,28.12778224,0.089122448,0,0,77.74776785,10.56074169,0,0,0
we3 010919 03,Conventional,1/9/2019 21:42,0.839334224,0,168.4416555,0,34.04778326,0,0,0,0,0,0.04350654,0,0,0,0.260578573,0,0,0,0,0,0,0,0,0,0,4.921108027,0.107708016,0,4.563499609,65.05560986,0,0,0,0,11.91814613,0,0,0
we2 011919 04 ,Eco,1/10/2019 5:30,4.449809864,0,1188.271358,0,609.8094303,0,36.96273768,0,0,0,1.29831167,0,0,0,0,0,12.89039412,0,0,0,0.455176285,0,4.496617251,0,6.306594847,0,0.388921435,0,37.03840323,26.96185295,0.158374434,0,0.029126766,113.4391658,7.715714855,0,0.048306854,0
we2 011119 05 ,Eco,1/11/2019 23:35,5.337297098,0,1171.658296,0,651.185123,0,44.11246878,0,0,114.209783,1.670740466,0,0,0,0,0,15.09687969,0,0,0,0,0,0,0,0,0.161848513,0.426710202,0,43.3724333,16.66157357,0.131545524,0,0,0,9.396975432,0,0,0
we2 011319 06,Eco,1/13/2019 12:20,3.593891811,0,1234.830859,0,701.0437514,0,13.37057376,0,1.196045319,111.3015671,1.845707687,0,0,0,0,4087.710523,17.19419508,0,0,0,0,0,0,0,0,4.005655222,0.437560945,44.97496249,38.02422856,21.26346831,0.122788497,0,0,0,9.884327623,4.417931717,0,0
we3 011619 02 ,Conventional ,1/16/2019 19:30,0.53190388,0,14.08477642,0,29.47616701,0,17.95925223,0,0,0,0,2.163583766,0,0,0,0,10.28004364,0,0.006835619,0,0,0,0,0,25.87754404,0.43966682,0,0,1.423263475,0,0.018453754,0,0.014710619,173.2050808,9.240540648,0,0,0
we2 011619 03 ,Eco,1/16/2019 20:15,0.429863461,330.1577255,1448.95881,1.51357947,642.4162176,0,2.982434406,340.7972066,1.549470112,0,2.046134445,2.651213419,0.142909091,0,0,0,16.5791419,0,0.061978483,0,0,0,0,0,24.63407752,0,0.569206734,14.82077358,37.06170979,0,0.102341375,0,0.003238502,77.66163516,10.91308197,0,0,0
we3 011819 01 ,Conventional ,1/18/2019 16:20,0,0,15.29830041,0,16.37748256,0,8.324489954,0,0,0,0,0,0,0,0,0,0,0,0,0,0,0,0,0,17.18988529,0,0,0,0,54.87523151,0,0,0.021232624,1.481882428,4.190679918,0,0,0
we3 011819 02 ,Conventional ,1/18/2019 18:05,0,0,0,0,0,0,0,0,0,0,0,0,0,0,0,22.27877338,0,0,0,0,0,0,0,0,2.238413645,5.270643235,0,0,0,54.87523151,0.050942028,0,0.029017141,41.20687333,3.052086402,0,0,0
we2 011819 01 ,Eco,1/18/2019 18:30,0.590503112,598.9616115,1129.393932,2.754184741,450.8183,0,8.197901717,83.45425092,0,4215.594964,2.153053502,12.83083841,0,0,0.144090075,0,19.6628549,0,0.059307651,0,0,0,0,0,15.0656133,0,0.478951807,45.54103375,31.91260632,0,0.060172156,0,0.002682484,83.70463314,7.975067315,0,0,0
we2 011819 02 ,Eco,1/18/2019 20:50,5.399521061,23.5838406,1049.703671,0,435.7301945,0,15.05659091,58.65917511,0.326051788,0,1.996518107,11.34364811,0.014543475,0,0.164412522,0,17.73264555,0,0.048447685,0,0,0,0,0,9.500950383,0,0.317816754,37.05271733,31.46029576,0,0.040949089,0,0,2819.935939,8.87413889,0,0,0
we3 011819 03 ,Conventional ,1/18/2019 21:20,0,0,0,0,0,0,0,0,0,0,0,0,0,0,0,0,0,1.272849365,0,0,0,0,0,0,9.988460767,0,0.151593265,0,0,0,0,0,0.007233176,173.2050808,3.548299583,0,0,4.845910003
we2 011819 03 ,Eco,1/18/2019 23:15,5.336389894,79.06793609,963.917706,0,481.2487457,0,5.98966496,190.7947217,0.573431279,0,1.887116947,6.624207698,0.019289829,0,0.065571727,0,17.90030301,0,0.114026112,0,0,0,0,0,7.696254252,0,0.440276472,24.14390515,29.73974253,0,0.058240645,0,0.005603536,11.90609747,7.655059786,0,0,0
we2 011919 04 ,Eco,1/19/2019 4:30,5.291231416,19.19721191,1095.38676,4.123898652,528.2878614,0,21.12164916,44.70580573,0,12445.89237,2.034536984,15.13679868,0.077856207,0,0.132629308,0,17.79444711,0,0.052261683,0,0,0,0,0,7.115225371,0,0.399078463,31.16157415,35.8579229,0,0.022728333,0,0.003196988,78.67254587,9.518439081,0,0,0
we2 012019 05 ,Eco,1/19/2019 9:40,2.90372371,83.27875227,1095.217461,2.115287812,607.3241722,0,10.88603804,122.3622672,1.235407862,0,2.173808473,12.81973369,0.119841491,0,0,0,15.1407869,0,0.116545505,0,0,0,0,0,8.653409259,0,0.429073453,10.44457109,39.90431132,0,0.04992902,0,5.97E-05,361.6083374,10.06343144,0,0,0
we3 012019 01 ,Conventional,1/20/2019 11:30,0,0,53.99283181,0,21.56429698,0,0,0,0,0,0.02799942,152.5397675,0,0,0,0,0.330269492,0,0.00620008,0,0,0,0,0,26.10974637,0,0.035250632,66.61668355,1.407088541,0,0,0,0,0,5.459874341,0,0,33.4787329
we3 012019 01 ,Conventional,1/20/2019 11:30,0,1.197710101,65.21779173,0,0,0,0,0,0.12986032,0,0,0,0,0,0,0,0,0,0,0,0.366599312,0,0.732805482,0,0,0,0,0,0,0,0,29.6653693,0,0,0,0,0.4756721,10.5571357
we2 012019 01 ,Eco,1/20/2019 18:45,7.830133163,76.91625828,1142.206518,2.07139039,620.6258642,0,19.18072084,42.98188728,0.37470088,0,2.102490091,11.72350904,0,0,0,0,14.9106947,0,0.045220872,0,0,0,0,0,4.525514433,0,0.420200608,48.14545367,44.45173931,0,0.057753105,0,0.007608307,26.92445595,10.17727521,0,0,0
we2 012319 02 ,Eco,1/23/2019 4:35,5.152159144,71.40678832,1117.707273,0,688.302523,0,14.43672309,98.60560863,0.192876933,0,2.197828935,3.755002312,0,0,0.084631063,0,14.14296317,0,0.037490676,0,0,0,0,0,7.885227342,0,0.411850279,27.17082473,52.00054555,0,0.109892756,0,0.011126287,36.43938728,10.09169601,0,0,0
we3 020519 01 ,Conventional,2/5/2019 14:35,0,0,668.2039598,0,217.0296134,0,0,0,0,7456.436788,0.076276202,0,0.027760338,251.3666408,1.333451326,0,4.388168079,0,0.057858292,0,0,15.66020174,0,0,55.44764999,0,0.083736618,5.637868982,3.084050406,0,0.050698913,0,0.020954181,0,14.1389074,0,0,0
we3 020919 01 ,Conventional,2/9/2019,0,0,496.9833049,0,125.4108876,0,0,0,0,0,0.125898725,0,0.013822901,201.7145673,1.000691456,0,3.041962549,0,0.204100589,0,0,0,0,0,57.59476431,0,0.059636614,89.18720962,3.954787201,0,0.154565429,0,0.008024858,0,17.5146045,0,0,0
we2 020919 01 ,Eco,2/9/2019 9:20,1.023511036,379.0864515,976.6713831,0,459.1275086,0,3.988818914,62.16369486,0.528018397,0,1.760460295,0,0.124709279,0.250139099,0,0,15.82348585,0,0.072662115,0,0,0,0,0,0,0,0.2889351,24.88073729,33.87518866,0,0.266820841,0,0,0,7.75758991,0,0,0
we3 010919 04 ,Conventional,2/9/2019 16:45,1.085863201,0,209.8365407,0,48.75630399,0,5.744597494,0,0,0,0.008559545,0,0,0,0,0,0,0,0,0,0,0,0,0,9.697401498,0.883678876,0.068908904,0.253950397,1.066557084,7.203091249,0.066745074,0,0,0,15.82781397,0,0,0
we2 021119 02 ,Eco,2/11/2019 2:50,6.696972761,91.41086311,1065.966502,0,479.6006375,0,11.05354044,190.8722078,0.321237208,0,1.598331462,0,0.140614998,19.67421659,0.022091181,0,16.10936034,0,0.049970301,0,0,6.384769342,0,0,0,0,0.528163306,42.94842197,28.00714896,0,0.080329158,0,0,3949.842412,6.455555703,0,0,0
we3 021119 02 ,Conventional,2/11/2019 7:10,0,0,534.7669347,0,93.64865148,0,0,0,0,0,0.013364629,0,0.060734441,6.984562714,0,0,0.650409365,0,0.034556274,0,0,34.70756473,0,0,31.11260132,0,0.008692613,404.639763,2.080928775,0,0.052728608,0,0,0,8.874675915,0,0,0
we3 021119 03 ,Conventional,2/11/2019 18:05,0,0,380.6308228,0,59.47790351,0,2.159058855,274.9675884,0,0,0.032761617,0,0.01813455,383.1830717,0.171788794,0,1.714099708,0,0.025581748,0,0,0,0,0,26.71781058,0,0.060688718,95.61100475,2.172492765,0,0.041417962,0,0.015282322,0,10.3659773,0,0,0
we2 021119 03 ,Eco,2/11/2019 18:55,4.343193544,72.7236522,1137.000189,0,467.16415,0,26.8592432,61.71013366,0.398484395,0,1.94297871,0,0.08969892,80.63010867,0.226156777,0,17.60173118,0,0.057717224,0,0,19.12832988,0,0,0,0,0.484865938,19.40437656,28.0526842,0,0.066263957,0,0.000113619,0,6.894275998,0,0,0
we3 021119 04 ,Conventional,2/11/2019 23:25,0,0,229.91862,0,33.94896627,0,0,0,0,0,0.019035688,0,0,0,0,13427.74538,0.73333764,0,0.001355444,81.88682526,0,111.2219847,0,0,13.57849567,0,0.008378668,415.7277696,2.469822104,0,0.040237376,0,0,0,5.296446704,0,0,21.75376115
we2 021119 04 ,Eco,2/11/2019 23:40,3.200731175,81.23833339,840.0330074,33.02266789,362.6674951,0,9.555033206,256.3520504,0.146527185,0,1.556906306,0,0.170178399,0,0,575.5755763,14.2723699,0,0.066288195,0,0,81.43271825,0,0,0,61.25062645,0.367760957,61.05893539,23.00313449,0,0.086983854,0,0.004775079,0,6.168346286,0,0,4.904735317
we3 021219 05 ,Conventional,2/12/2019 2:10,0,0,187.9054208,0,16.07012817,0,0,0,0,0,0.008663448,0,0.068678572,154.4123413,0,0,0.348709839,0,0.014007449,0,0,0,0,0,1.995206352,0,0.037098694,121.7189759,0.29781371,0,0,0,0,0,3.001204567,0,0,173.1627601
we2 021219 05,Eco,2/12/2019 2:15,1.061841793,177.3547044,939.8503318,0,426.9768951,0,10.17519532,42.94484832,0.146826789,83.85673467,1.630364097,0,0.843871777,0,0,66.63526261,16.94351112,0,0.079012793,0,0,0,0,0,0,0,0.389931482,37.24743793,31.22322355,0,0.112406336,0,0,0,7.368924779,0,0,0
we2 021219 06,Eco,2/12/2019 5:15,1.50215098,154.2158687,1034.404703,0,557.2100271,0,19.42657612,4.248369005,0.180437331,0,1.66877554,0,0.10871949,9.126985543,0,0,14.67489356,0,0.036131928,0,0,0,0,0,0,0,0.493246199,15.76826585,38.64812059,0,0.083374177,0,0.015391775,0,9.609614007,0,0,0
we3 021219 06 ,Conventional,2/12/2019 6:55,0,0,56.76664699,0,12.82930173,0,0,0,0,0,0,0,0.043914161,34.20301377,0,0,0,0,0.061513856,0,0,0,0,0,0.43765673,0,0,0,0.725685012,0,0,0,0,2.204745493,3.86366449,0,0,15.97848092
we2 021219 07,Eco,2/12/2019 8:05,4.667490754,112.5341179,826.0192229,0,397.4077045,0,8.691095105,155.4361284,0.311311294,0,1.545413423,0,0.102501872,0,0.099875625,0,12.36746105,0,0.02610504,0,0,0,0,0,0,0,0.347877059,23.97723215,30.12753828,0,0.104914274,0,0,0,6.447375275,0,0,0
we3 021219 07 ,Conventional,2/12/2019 9:40,0,0,158.8663959,0,13.80973274,0,0,0,0,0,0,1029.755013,0,0,0.040021029,0,0.300881296,0,0.017976103,0,0,83.20713323,0,0,4.537135657,0,0.0114502,330.9556765,0.204593724,0,0,0,0,40261.35992,4.23403163,0,0,0
we2 021219 08,Eco,2/12/2019 10:20,0,0,906.9118069,0,428.748003,0,18.13519433,109.7584899,0.959308454,0,1.748765492,0,0.151080635,0,0.366633017,0,12.907764,0,0.093012043,0,0,0,0,0,0,0,0.415874732,13.85691121,31.79685121,0,0.068641585,0,0.002269857,0,7.502654837,0,0,0
we2 021219 09,Eco,2/12/2019 15:25,2.560875728,169.0923875,947.4273368,0,496.6597369,0,10.43091914,124.3300516,0,0,1.914124512,0,0.127449402,14.76276367,0.580645194,0,15.33019045,0,0.069464974,0,0,0,0,0,0,3.578376457,0.27607315,70.18526711,30.24646617,0,0.126310727,0,0.002829165,233.094291,8.437413041,0,0,19.08686886
we2 021319 10 ,Eco,2/13/2019 8:35,8.385856483,35.7486889,972.5799227,0,598.4902198,0,10.80988183,118.463843,1.181668582,0,1.755699996,0,0.141139394,5.539101898,0.169495488,0,13.78074361,0,0.031269594,0,0,0,0,0,0,0,0.240964459,48.86612092,40.18097165,0,0.113087215,0,0,213.6812294,9.711153669,0,0,0
we3 021419 01 ,Conventional,2/14/2019 10:30,0,0,17.54945336,3.104476217,16.40797245,0,0,0,0,0,0.045733953,0,0.110322466,0,0.393626718,0,0.439506403,0,3.542924348,0,0,23.82006658,0,0,18.54805748,0,0.023582469,83.13109714,1.137073406,0,0.014814866,0,0,0,7.3955049,0,0,0
we2 021419 01,Eco,2/14/2019 15:30,3.80569038,69.55758809,731.7447608,0,609.6704961,0,28.70012635,37.35359483,0.937017553,0,1.689258557,0,0,0,0.254447552,0,9.880138597,0,1.083502123,0,0,0,0,0,0,0,0.322638523,31.1771554,43.08559185,0,0.054911139,0,0,466.1608724,9.410469501,0,0,0
we2 021519 02 ,Eco,2/15/2019 19:30,2.245812815,167.9112731,784.8408518,0,640.331913,0,8.36326342,248.1435919,0,0,1.867524805,0,0,134.9306322,0.134808112,0,10.68126474,0,2.411819516,0,0,0,0,0,0.030272882,0,0.458111604,21.29710631,39.41429445,0,0.029230322,0,0,0,9.313094581,0,0,0
we3 021919 01 ,Conventional,2/19/2019 21:30,0,0,310.1242223,0,50.95992486,0,0,0,0,0,0.101838265,20.07371858,0.007389975,0,0,0,1.276239752,0,0.144670957,0,0,0,0,0,18.4166641,0,0.020531742,197.7218627,2.433215977,0,0.077958978,0,0,0,9.566795573,0,0,0
we2 022019 01 ,Eco,2/20/2019 17:10,1.326633338,247.2564953,925.5485391,0,643.860623,0,8.632244779,120.2713205,0.379465058,0,1.851997563,0,0.376044882,0,0.145141556,0,13.38721308,0,0.232351373,0,0,0,0,0,0,5.973897844,0.481838567,6.832899705,41.04682926,0,0.066800346,0,0.002059448,0,10.96076086,0,0,24.29076515
we3 022219 01 ,Conventional,2/22/2019 18:15,3.059924637,131.3219701,682.6440157,0,92.82944032,0,0,0,0,0,0.056213286,49.90156248,0,453.7428491,0.566759816,0,0.874375598,0,0.154149551,0,0,0,0,0,40.6361184,1.863670355,0.047334958,0,3.03148382,0,0.046784233,0,0.010082404,0,12.65797761,0,0,0
we2 022319 01,Eco,2/23/2019 15:10,2.92218062,216.257296,1321.594488,0,549.1492199,0,13.40240786,182.2702623,0.041813762,679.4015328,1.78183741,7.928941271,0,545.3902659,0.399213131,0,16.14004661,0,0.089923039,0,0,0,0,0,0,4.550914252,0.39855077,0,36.57433022,0,0.109904431,0,0,0,9.942221497,0,0,0
we3 022419 02 ,Conventional,2/24/2019 2:00,0,0,170.6047112,0,25.6989238,0,0,0,0,0,0.049345255,70.87641915,0.140505193,0,0.043001276,86.76224799,2.722216419,0,0.008140662,0,0,0,0,0,14.33843201,7.823808719,0.285990407,0,1.409764595,0,0,0,0.007933606,0,6.170813106,0,0,13.23887471
we2 022419 02,Eco,2/24/2019 5:30,0.870228328,174.0075511,915.2637477,0.845426034,521.1505388,0,26.64683498,111.361912,0.175442238,0,1.997790577,4.231695813,0.005533091,0,0,0,14.53245323,0,0.265169586,0,0,0,0,0,0,6.1718283,0.365937957,0,37.66061153,0,0.039308574,0,0,0,9.223963443,0,0,0
we3 030819 01 ,Conventional,3/8/2019 17:35,1.159163934,313.2179959,78.52943747,0,34.63917837,0,0,0,0,11982.00502,0.058924897,25.61829755,0,0,0,0,1.286922707,0,0,0,0,0,0,0,0,0,0.023240529,51.58840288,0.203245155,0,0.033106751,0,0,0,7.723582506,0,0,0
we2 031219 01 ,Eco,3/12/2019 15:55,3.857754709,58.46424196,937.6575601,0,433.5305354,0,31.03310028,75.58628997,0.736601722,,2.609213207,7.090945229,0.173973303,0,0.172019619,0,15.95466392,0,0.005326419,0,0,0,0,0,0,0,0.439338945,0,29.61129012,0,0.108387297,0,0,0,7.693356415,0,0,0
we2 040619 01 ,Eco,4/6/2019 9:35,5.190662507,0,1103.08173,0,381.2822697,0,68.34298778,0,1.634345816,0,2.104331302,0,0,0,0,25.03182535,32.62388756,0,0.262648414,0,0,0,0,0,0,0,0.823410327,0,31.90941926,0,0.028272595,0,0,0,6.68720347,0,0,0
we3 040619 03,Conventional ,4/6/2019 10:15,0,0,117.7835362,0,33.11930262,0,0,0,0,0,0.025724034,0,0,0,0,19.27808827,0,0,0.101106601,0,0.46303173,0,0.368144051,0,35.41428325,4.912297002,0,0,1.51895843,110.3089314,0.024547669,0,0,0,4.756862564,0,0,0
we2 040719 01 ,Eco,4/6/2019 22:55,4.628916072,0,1046.77544,0,597.213048,0,12.40157845,0,2.31505985,0,2.185573659,0,0,0,0,0,24.96727874,0,0.099450863,0,0,0,0,0,0,0.214352156,0.627076511,0,42.1451297,0,0,0,0,0,13.08594095,0,0,0
we3 040719 04 ,Conventional ,4/7/2019 2:10,0.319476717,0,146.890838,0,19.90066584,0,0,0,0,0,0,33.08283656,0,0,0,0,0,0,0,0,0.911556794,0,0.096653379,0,29.86177402,5.761833695,0.022725022,0,2.565410507,22.81834187,0,0,0.007433707,173.2050808,3.098410154,0,0,0
we2 040819 02 ,Eco,4/8/2019 5:50,4.334518911,0,1065.87544,0,580.7124076,0,15.84216552,0,2.789963714,0,2.273720549,0,0,0,0,0,23.6686024,0,0.071767611,0,0,0,0,0,0,0,0.413864213,0,43.76069533,0,0.058822439,0,0,0,12.7209476,0,0,0
we3 040819 01 ,Conventional ,4/8/2019 7:20,0,0,0,0,18.07823241,0,0,0,0.29464177,0,0,0,0,0,0,0,0,0,0,0,0,0,0,0,0,0,0.067057232,0.294110014,0.327691898,0,0.047151053,0,0,0,8.990181642,0,0,0
we2 040919 03 ,Eco,4/9/2019 6:45,5.312020716,0,1382.060782,0,568.3556574,0,42.55542417,0,1.38904059,0,2.66653277,0,0,0,0,13.62200368,31.7100945,0,0.176639537,0,0,0,0,0,0,0,0.484079778,0,39.78480766,0,0,0,0,0,10.98104035,0,0,0
we3 041519 01 ,Conventional ,4/15/2019 15:45,0.721781758,0,383.2579026,0,105.6932218,0,0,0,0,115.8605352,0.183449913,41.86898179,0,0,1.777863585,0,4.177570377,0,0.244434564,0,0,0,0,0,47.14225345,0,0.139993342,0.019003402,3.480998552,31.21182831,0.083687757,0,0.022247953,100.6759552,11.60654854,0,0,0
we2 041619 01 ,Eco,4/16/2019 6:40,3.347108771,0,1015.238336,0,551.4302509,0,37.31807494,0,3.203365098,7.360486585,2.499394419,0,0,0,0,0,26.16398403,0,0.114666401,0,0,0,0,0,18.6971089,0,0.451330744,0,39.7447927,25.67741677,0.00638009,0,0,0,9.446545577,0,0,2.34406316
we3 041919 01 ,Conventional,4/19/2019 14:35,0.215268852,0,68.62734439,0,102.4796512,0,0,0,0.460392758,122.0368398,0.180357445,0,0,0,0,0,0,0,0.053954726,0,0,0,0,0,156.3697194,0,0,0,4.919312118,27.84554902,0.037761058,0,0.027739072,110.7283465,19.36837809,0,0,6.344483854
we3 041919 02 ,Conventional,4/19/2019 20:45,2.236980666,0,266.8138059,0,193.5847759,0,0,0,0,0,0.242366282,10.73960674,0,0,14.86015421,0,11.84944172,0,0.198209836,0,0,0,0,0,199.120949,0,0.323572358,0,8.432091672,14.87474333,0.115937266,0,0.058420853,41.642115,43.67717341,0,0,0
we3 051419 01 ,Conventional ,5/14/2019 5:45,26.381298,0,12762.06763,0,4382.345063,0,91.75866955,0,0,0,0.488482342,0,0.688895121,0,395.7219413,0,276.7960648,0,2.32594829,0,16.83724267,0,98.66308989,0,897.5798185,0,1.59080404,0,83.50689409,17.26426396,3.586041585,0,0.284446178,15.00595821,386.3783765,0,0,0
we3 051419 02 ,Conventional ,5/14/2019 7:40,8.284341387,0,1544.645921,0,735.1228821,0,33.32763198,0,0,0,1.422680639,0,0,0,106.9481102,0,70.67541185,0,1.478526274,0,0.983985819,0,9.367352461,0,487.5263905,0,0.558920574,0,32.1796873,8.914313141,0.764859743,0,0.202013686,11.63495643,114.080387,0,0,0
we3 051419 03 ,Conventional ,5/14/2019 9:20,2.670509217,0,459.1757471,0,206.1287821,0,30.20559095,0,0,0,1.063394724,0,0,0,31.20765702,0,19.53665951,0,1.198564463,0,0,0,0,0,170.9708391,0,0.135722187,0.071877121,9.309819616,6.298875645,0.385935436,0,0.020212859,82.71531305,40.98349588,0,0,0
we3 051519 04 ,Conventional ,5/15/2019 1:05,4.829824623,0,607.6922304,0,552.3463712,0,31.23062247,0,0.493146925,0,0.604345335,0,0,0,219.4072578,0,154.6071557,0,2.319323201,0,1.04128444,0,7.975012003,0,278.0069818,0,0.605988374,0,31.3953638,20.89761963,1.137484551,0,0.10443554,13.45433431,107.3237068,0,0,0
we3 051519 01 ,Conventional ,5/15/2019 16:20,0.123779022,0,140.4890743,0,64.90510446,0,0,0,0,14.54113968,0.276425491,0,0,0,10.06080309,0,1.716505612,0,0.29179712,0,0,0,0,0,56.83909051,0,0.142955547,0,4.713508943,35.52816129,0.075531632,0,0.020670904,96.01986696,23.32185706,0,0,7.944919491
we3 051519 02 ,Conventional ,5/15/2019 17:05,0,0,136.0252826,0,32.92678333,0,0,0,0,0,0.366022798,0,0,0,1.580872154,0,0,0,0.035297646,0,0,0,0,0,40.30127141,0,0,0,3.158918925,76.87571977,0.041372937,0,0,0,14.40633069,0,0,0
we3 051519 03 ,Conventional ,5/15/2019 17:50,0.280208756,0,241.7752326,0,74.04537758,0,0,0,0,0,0.167377938,0,0,0,36.99363472,0,85.62629968,0,0.324142475,0,0,0,0,0,78.49874817,0,0.171933869,4.777491904,4.23858801,61.76536829,0.322068648,0,0,169.910651,28.60522014,0,0,0
we2 051819 01 ,Eco,5/18/2019 10:42,4.221501154,0,1987.622036,0,215.06032,0,1.721981743,0,0,0,1.651210667,0,0,0,9.693034735,0,0,0,0,0,0,0,0,0,881.4934459,12.90462785,0.603199361,0,50.10287347,10.81176501,0.078500637,0,0,83.58460338,10.83402021,0,0,3.511113558
we3 051819 01,Conventional ,5/18/2019 18:20,7.836147669,0,840.6904355,0,433.6486289,0,0,0,0,0,0.258810182,0,0,0,137.8415324,0,637.6617644,0,1.75912668,0,0,0,0,0,229.7891169,0,0.902795423,0,16.92193946,12.60388018,0.867151048,0,0.737771933,0,86.16071277,0,0,0
we3 051819 02 ,Conventional ,5/18/2019 19:10,0.924875631,0,9.890754977,0,46.44929848,0,0,0,0,0,0.08718699,0,0,5.733949771,4.429791521,0,10.42074312,0,0,0,0,0,0,0,16.42195755,0.842750662,0.128192427,86.60254038,1.891731028,90.01560146,0.031630132,0,0.002720115,39.45636616,16.20299557,0,0,0
we3 518-1919 03,Conventional ,5/18/2019 21:45,0.630414491,0,46.1719905,0,25.69085063,0,0,0,0,0,0.171215595,25.63342688,0,0,0,0,0,0,0,0,0,0,0,0,0,10.37782824,0.236282387,50.07809239,2.274240162,54.84976089,0.080218672,0,0,170.1285603,9.154715334,0,0,0
we3 518-1919 04,Conventional ,5/18/2019 22:30,0.630414491,0,46.1719905,0,25.69085063,0,0,0,0,0,0.171215595,25.63342688,0,0,0,0,0,0,0,0,0,0,0,0,0,10.37782824,0.236282387,50.07809239,2.274240162,54.84976089,0.080218672,0,0,170.1285603,9.154715334,0,0,0
we3 518-1919 05,Conventional ,5/18/2019 22:50,0.630414491,0,46.1719905,0,25.69085063,0,0,0,0,0,0.171215595,25.63342688,0,0,0,0,0,0,0,0,0,0,0,0,0,10.37782824,0.236282387,50.07809239,2.274240162,54.84976089,0.080218672,0,0,170.1285603,9.154715334,0,0,0
we3 051919 06,Conventional ,5/18/2019 23:05,0,0,39.19742053,0,35.83557393,0,0,0,0,0,0.154655487,0,1.038719747,0,2.614447097,0,8.463316376,0,0,0,0,0,0,0,0,13.57208998,0.289418671,0,1.17019436,90.77116629,0.27111776,0,0,69.40870156,10.95426543,0,0,0
we3 051919 07,Conventional ,5/18/2019 23:10,0,0,39.19742053,0,35.83557393,0,0,0,0,0,0.154655487,0,1.038719747,0,2.614447097,0,8.463316376,0,0,0,0,0,0,0,0,13.57208998,0.289418671,0,1.17019436,90.77116629,0.27111776,0,0,69.40870156,10.95426543,0,0,0
we3 051919 08,Conventional ,5/18/2019 23:20,0,0,39.19742053,0,35.83557393,0,0,0,0,0,0.154655487,0,1.038719747,0,2.614447097,0,8.463316376,0,0,0,0,0,0,0,0,13.57208998,0.289418671,0,1.17019436,90.77116629,0.27111776,0,0,69.40870156,10.95426543,0,0,0
we3 051919 09,Conventional ,5/18/2019 23:35,0,0,39.19742053,0,35.83557393,0,0,0,0,0,0.154655487,0,1.038719747,0,2.614447097,0,8.463316376,0,0,0,0,0,0,0,0,13.57208998,0.289418671,0,1.17019436,90.77116629,0.27111776,0,0,69.40870156,10.95426543,0,0,0
we3 051919 10,Conventional ,5/18/2019 23:45,0,0,39.19742053,0,35.83557393,0,0,0,0,0,0.154655487,0,1.038719747,0,2.614447097,0,8.463316376,0,0,0,0,0,0,0,0,13.57208998,0.289418671,0,1.17019436,90.77116629,0.27111776,0,0,69.40870156,10.95426543,0,0,0
we3 051919 11,Conventional ,5/19/2019 0:05,0,0,60.97250904,0,14.96673693,0,0,0,0,0,0.248120026,22.31498713,0,0,0.040347386,0,0,0,0,0,0,0,0,0,0,11.99765668,0.015769907,86.60254038,1.052388154,100.9538173,0.054295241,0,0,83.55288369,7.15693892,0,0,0
we3 051919 12,Conventional ,5/19/2019 0:25,0,0,60.97250904,0,14.96673693,0,0,0,0,0,0.248120026,22.31498713,0,0,0.040347386,0,0,0,0,0,0,0,0,0,0,11.99765668,0.015769907,86.60254038,1.052388154,100.9538173,0.054295241,0,0,83.55288369,7.15693892,0,0,0
we3 051919 13,Conventional ,5/19/2019 0:35,0,0,60.97250904,0,14.96673693,0,0,0,0,0,0.248120026,22.31498713,0,0,0.040347386,0,0,0,0,0,0,0,0,0,0,11.99765668,0.015769907,86.60254038,1.052388154,100.9538173,0.054295241,0,0,83.55288369,7.15693892,0,0,0
we3 051919 14,Conventional ,5/19/2019 0:45,0,0,60.97250904,0,14.96673693,0,0,0,0,0,0.248120026,22.31498713,0,0,0.040347386,0,0,0,0,0,0,0,0,0,0,11.99765668,0.015769907,86.60254038,1.052388154,100.9538173,0.054295241,0,0,83.55288369,7.15693892,0,0,0
we3 051919 15,Conventional ,5/19/2019 0:55,0,0,60.97250904,0,14.96673693,0,0,0,0,0,0.248120026,22.31498713,0,0,0.040347386,0,0,0,0,0,0,0,0,0,0,11.99765668,0.015769907,86.60254038,1.052388154,100.9538173,0.054295241,0,0,83.55288369,7.15693892,0,0,0
we3 051919 16,Conventional ,5/19/2019 1:00,0,0,3.896119516,0,10.47375526,0,0,0,0,0,0.117419941,65.9119833,0,0,0.212538891,0,0,0,0,0,0,0,0,0,0,5.878608089,0.137657361,26.63205059,0.723972732,86.63473117,0,0,0,170.1285603,5.564469476,0,0,0
we3 051919 17,Conventional ,5/19/2019 1:10,0,0,3.896119516,0,10.47375526,0,0,0,0,0,0.117419941,65.9119833,0,0,0.212538891,0,0,0,0,0,0,0,0,0,0,5.878608089,0.137657361,26.63205059,0.723972732,86.63473117,0,0,0,170.1285603,5.564469476,0,0,0
we3 051919 18,Conventional ,5/19/2019 1:25,0,0,3.896119516,0,10.47375526,0,0,0,0,0,0.117419941,65.9119833,0,0,0.212538891,0,0,0,0,0,0,0,0,0,0,5.878608089,0.137657361,26.63205059,0.723972732,86.63473117,0,0,0,170.1285603,5.564469476,0,0,0
we3 051919 19,Conventional ,5/19/2019 1:40,0,0,3.896119516,0,10.47375526,0,0,0,0,0,0.117419941,65.9119833,0,0,0.212538891,0,0,0,0,0,0,0,0,0,0,5.878608089,0.137657361,26.63205059,0.723972732,86.63473117,0,0,0,170.1285603,5.564469476,0,0,0
we2 051919 02 ,Eco,5/19/2019 1:55,5.765955625,0,2833.773764,0,554.1716093,0,80.57251594,0,1.170008542,0,3.090208458,0,0,0,7.560822278,0,62.91262398,0,0.15312713,0,0,0,0,0,54.009664,5.565351303,0.918015327,0,36.15129027,15.18403882,0.375685821,0,0,48.10483553,19.21695726,0,0,0
we3 051919 20 ,Conventional ,5/19/2019 2:40,0,0,26.33426916,0,14.55237004,0,2.598806204,0,0,0,0.152476716,28.7269952,0,0,0,0,0,0,0,0,0,0,0,0,0,12.34170514,0.057126654,86.60254038,3.490436982,60.18132113,0,0,0,84.93774201,12.66716272,0,0,15.29727545
we2 051919 03 ,Eco,5/19/2019 3:35,5.189270376,0,3299.356944,0,733.0859972,0,73.66162047,0,5.262678909,0,3.588332679,0,0.026560866,0,7.462562237,0,65.87039173,0,0.419463673,0,0,0,0,0,77.77815789,5.080256619,1.238153509,0,33.67441367,18.38786553,0.297266456,0,0.508790259,15.66807284,19.44911315,0,0,0
we3 051919 21,Conventional ,5/19/2019 4:00,0,0,0,0,10.84027293,0,0,0,0,0,0.092678842,10.33562194,0,0,0,0,0,0,0,0,0,0,0,0,0,4.340666666,0.020517402,86.60254038,1.835688117,34.83678446,0,0,0,121.927397,7.797342243,0,0,0
we2 051919 04 ,Eco,5/19/2019 5:35,4.519839603,0,2582.532041,0,614.824608,0,65.33587329,0,3.556033337,0,3.143178934,0,0,0,3.717089345,0,49.13192072,0,0.111560644,0,0,0,0,0,0,2.289393051,0.695934988,0,33.96470764,6.468952538,0.351229493,0,0,170.1285603,20.52627251,0,0,0
we2 051919 05 ,Eco,5/19/2019 8:50,3.904584771,0,2672.098722,0,624.325834,0,67.4860754,0,6.539551533,0,3.071250566,0,0,0,3.635633798,0,44.38093497,0,0.422520037,0,0,0,0,0,95.05095905,3.694013588,0.643046288,0,39.29996177,11.57056209,0.53806643,0,0,87.46946173,18.23894869,0,0,8.284418072
we3 052519 06 ,Conventional ,5/25/2019 15:10,0,0,0,0,3.108161012,0,0,0,0,0,0.171245516,0,0,0,0.077115751,0,0,0,0,0,0,0,0,0,0,0,0.017987106,86.60254038,0,0,0.061065113,0,0,56.29107841,5.597846921,0,0,0
we3 052519 07 ,Conventional ,5/25/2019 16:15,0.168751173,1.324583201,584.595119,0,36.55366517,0,0,0,0,0,0,0,0,0,0,0,0,0,0,0,0,0,0,0,0,0,0.056840179,86.60254038,1.60257781,0,0,0,0,56.17375657,9.448756036,0,0,0
we2 052519 02 ,Eco,5/25/2019 20:15,4.571193511,0,2417.420858,0,431.605393,0,0,0,4.031344882,0,2.719667338,0,0,0,0,0,42.00407006,0,0,0,0,0,0,0,0,0,0.917282671,0,30.09326449,0,0.175466851,0,0,56.27735115,11.51558702,0,0,0
we3 122318 03 ,Conventional,12/23/2018 7:00,0,0,991.145657,0,106.0322865,0,0,0,0,0,0.001509941,0,0,0,0.278936013,0,0,0,0,0,0,0,0,0,0,7.983745269,0,0,1.908066591,0,0,0,0,144.898376,5.867705807,0,0,0
we3 122918 02 ,Conventional,12/29/2018 18:35,0,0.018963954,69.83794711,0,31.12743636,0,0,0,0,0,0,0,0,0,0,0,0,0,0,0,0,0,0,0,0,0.972763432,0,0,0.748551682,0,0,0,0,0,7.567651729,0,0,0
we3 122918 03 ,Conventional,12/29/2018 20:55,0,0.241175013,14.97467239,0,6.688812661,0,0,0,0,0,0,0,0,0,0,0,0,0,0,0,0,0,0,0,0,7.261701976,0.023755384,0,0,0,0,0,0,58.39697907,6.073215142,0,0,0
